"Processor_Number","Vertical_Segment","nb_of_Cores","Price_USD","Launch_Year","Turbo_Frequency_GHz","Cache_MB","TDP_W","Max_Memory_GB"
"i7-7Y75","Mobile",2,393,2016,3.6,4,4.5,16
"i5-8250U","Mobile",4,297,2017,3.4,6,15,32
"i7-8550U","Mobile",4,409,2017,4,8,15,32
"i7-3820","Desktop",4,305,2012,3.8,10,130,64.23
"i5-7Y57","Mobile",2,281,2017,3.3,4,4.5,16
"3205U","Mobile",2,107,2015,1.5,2,15,16
"N2805","Mobile",2,NA,2013,1.46,1,4.3,4
"J1750","Desktop",2,NA,2013,2.41,1,10,8
"G1610","Desktop",2,42,2013,2.6,2,55,32
"518","Mobile",1,NA,NA,2.8,1,88,NA
"2020M","Mobile",2,134,2012,2.4,2,35,32
"773","Mobile",1,NA,NA,1.3,2,5.5,NA
"3825U","Mobile",2,161,2015,1.9,2,15,16
"4405U","Mobile",2,161,2015,2.1,2,15,32
"N3710","Mobile",4,161,2016,1.6,2,6,8
"J2850","Desktop",4,94,2013,2.41,2,10,8
"J2900","Desktop",4,94,2013,2.41,2,10,8
"J3710","Desktop",4,NA,2016,1.6,2,6.5,8
"J4205","Desktop",4,161,NA,1.5,2,10,8
"N3700","Mobile",4,161,2015,1.6,2,6,8
"N3510","Mobile",4,NA,2013,2,2,7.5,8
"N3520","Mobile",4,161,2013,2.17,2,7.5,8
"N3530","Mobile",4,161,2014,2.16,2,7.5,8
"N3540","Mobile",4,161,2014,2.16,2,7.5,8
"N4200","Mobile",4,161,2016,1.1,2,6,8
"4405Y","Mobile",2,161,2015,1.5,2,6,16
"4415Y","Mobile",2,161,2017,1.6,2,6,16
"4410Y","Mobile",2,161,2017,1.5,2,6,16
"4415U","Mobile",2,161,2017,2.3,2,15,32
"3805U","Mobile",2,161,2015,1.9,2,15,16
"3561Y","Mobile",2,161,2013,1.2,2,11.5,16
"3560M","Mobile",2,134,2014,2.4,2,37,32
"3560Y","Mobile",2,NA,2013,1.2,2,11.5,16
"3558U","Mobile",2,161,2013,1.7,2,15,16
"3556U","Mobile",2,NA,2013,1.7,2,15,16
"3550M","Mobile",2,134,2013,2.3,2,37,32
"2117U","Mobile",2,134,2012,1.8,2,17,32
"2030M","Mobile",2,134,2013,2.5,2,35,32
"2127U","Mobile",2,134,2013,1.9,2,17,32
"2129Y","Mobile",2,NA,2013,1.1,2,10,32
"753","Mobile",1,NA,NA,1.2,2,5.5,NA
"733","Mobile",1,NA,NA,1.1,2,5,NA
"723","Mobile",1,NA,NA,1,2,5,NA
"713","Mobile",1,NA,NA,1.1,1,7,NA
"778","Mobile",1,NA,NA,1.6,2,7.5,NA
"738","Mobile",1,NA,2004,1.4,2,7.5,NA
"758","Mobile",1,NA,NA,1.5,2,7.5,NA
"571","Desktop",1,NA,2005,3.8,1,115,NA
"","Mobile",1,NA,NA,0.8,512,5.9,NA
"718","Mobile",1,NA,NA,1.3,1,12,NA
"570","Desktop",1,NA,2004,3.8,1,115,NA
"","Mobile",1,NA,NA,0.75,512,24.6,NA
"780","Mobile",1,NA,NA,2.26,2,27,NA
"561","Desktop",1,NA,2005,3.6,1,115,NA
"","Mobile",1,NA,NA,0.7,512,7,NA
"","Server",1,NA,2001,0.8,512,10.63,NA
"770","Mobile",1,NA,NA,2.13,2,27,NA
"560J","Desktop",1,NA,NA,3.6,1,115,NA
"","Mobile",1,NA,NA,0.4,256,10.1,NA
"","Server",1,NA,2001,0.933,512,11.61,NA
"765","Mobile",1,NA,NA,2.1,2,7.5,NA
"560","Desktop",1,NA,NA,3.6,1,115,NA
"760","Mobile",1,NA,2004,2,2,27,NA
"","Server",1,NA,NA,1.13,512,28.7,NA
"551","Desktop",1,NA,2005,3.4,1,84,NA
"","Desktop",1,NA,NA,2.8,512,68.4,NA
"755","Mobile",1,NA,NA,2,2,7.5,NA
"","Server",1,NA,2001,1.26,512,30.4,NA
"550","Desktop",1,NA,2004,3.4,1,84,NA
"","Desktop",1,NA,2002,2.6,512,62.6,NA
"550J","Desktop",1,NA,NA,3.4,1,84,NA
"750","Mobile",1,NA,NA,1.86,2,27,NA
"","Desktop",1,NA,NA,0.9,256,23.2,NA
"","Server",1,NA,NA,1.4,512,32.2,NA
"","Desktop",1,NA,NA,3.8,1,65,NA
"","Desktop",1,NA,2002,2.5,512,61,NA
"","Server",1,NA,NA,1,512,12.1,NA
"745A","Mobile",1,NA,2004,1.8,2,21,NA
"","Desktop",1,NA,2000,0.85,256,22.5,NA
"550","Desktop",1,NA,2004,3.4,1,115,NA
"920","Desktop",2,NA,2006,2.8,4,95,NA
"","Desktop",1,NA,2002,2.4,512,59.8,NA
"","Desktop",1,NA,NA,0.933,256,27.3,NA
"745","Mobile",1,NA,2004,1.8,2,7.5,NA
"","Desktop",1,NA,NA,0.8,256,20.8,NA
"","Desktop",1,NA,2004,3.4,1,103,NA
"541","Desktop",1,NA,2004,3.2,1,84,NA
"","Desktop",1,NA,2002,2.2,512,57.1,NA
"A1018","Mobile",2,NA,2013,2.1,1,35,32
"A1020","Mobile",4,86,2016,2.41,2,10,8
"1405","Server",2,NA,2012,1.8,5,40,375
"1405V2","Embedded",2,156,2014,1.4,6,40,384
"","Mobile",1,NA,NA,1.4,512,20.8,NA
"G620","Desktop",2,64,2011,2.6,3,65,32
"740","Mobile",1,NA,NA,1.73,2,27,NA
"","Desktop",1,NA,2000,0.866,256,26.1,NA
"","Desktop",1,NA,NA,0.75,256,19.5,NA
"","Desktop",1,NA,NA,3.4,512,89,NA
"540J","Desktop",1,NA,2005,3.2,1,84,NA
"","Desktop",1,NA,2002,2,512,54.3,NA
"","Mobile",1,NA,NA,0.6,256,9.7,NA
"","Mobile",1,NA,NA,1.5,512,25.8,NA
"G620T","Desktop",2,NA,2011,2.2,3,35,32
"","Mobile",1,NA,NA,0.9,1,7,NA
"","Desktop",1,NA,NA,0.8,256,20.8,NA
"","Desktop",1,NA,2000,0.7,256,18.3,NA
"","Desktop",1,NA,2004,3.4,1,103,NA
"672","Desktop",1,NA,2005,3.8,2,115,NA
"540","Desktop",1,NA,2004,3.2,1,84,NA
"","Desktop",1,NA,NA,2,256,71.8,NA
"","Mobile",1,NA,NA,1.6,512,26.9,NA
"B915C","Embedded",2,168,2012,1.5,3,15,32
"G840","Desktop",2,75,2011,2.8,3,65,32
"G622","Desktop",2,NA,2011,2.6,3,65,32
"","Mobile",1,NA,NA,1,1,7,NA
"735","Mobile",1,NA,NA,1.7,2,7.5,NA
"","Desktop",1,NA,2000,0.733,256,22.8,NA
"","Desktop",1,NA,NA,0.65,256,17,NA
"","Desktop",1,NA,2004,3.2,1,103,NA
"670","Desktop",1,NA,2005,3.8,2,115,NA
"531","Desktop",1,NA,2004,3,1,84,NA
"","Mobile",1,NA,2002,1.7,512,30,NA
"B925C","Embedded",2,NA,2013,2,4,15,NA
"G850","Desktop",2,NA,2011,2.9,3,65,32
"G630","Desktop",2,64,2011,2.7,3,65,32
"","Desktop",1,NA,NA,0.667,256,17.5,NA
"","Desktop",1,NA,NA,0.6,512,34.5,NA
"","Desktop",1,NA,NA,3.2,512,82,NA
"530J","Desktop",1,NA,2004,3,1,84,NA
"","Desktop",1,NA,NA,2.8,1,103,NA
"","Desktop",1,NA,NA,1.9,256,69.2,NA
"","Mobile",1,NA,NA,0.9,256,30.7,NA
"","Mobile",1,NA,NA,0.933,512,20.1,NA
"","Mobile",1,NA,NA,1.8,512,30,NA
"G860","Desktop",2,75,2011,3,3,65,32
"G630T","Desktop",2,72,2011,2.3,3,35,32
"E6800","Desktop",2,93,2010,3.33,2,65,NA
"","Mobile",1,NA,NA,1.2,1,12,NA
"730","Mobile",1,NA,NA,1.6,2,27,NA
"","Desktop",1,NA,NA,0.6,512,34.5,NA
"","Desktop",1,NA,2000,0.6,256,19.5,NA
"960","Desktop",2,316,2006,3.6,4,130,NA
"","Desktop",1,NA,2004,3.2,1,103,NA
"662","Desktop",1,NA,2005,3.6,2,115,NA
"530","Desktop",1,NA,2004,3,1,84,NA
"519K","Desktop",1,NA,2004,3.06,1,84,NA
"","Desktop",1,NA,2002,2.8,512,68.4,NA
"","Desktop",1,NA,NA,1.8,512,68.1,NA
"","Mobile",1,NA,NA,0.85,256,27.5,NA
"","Mobile",1,NA,NA,0.866,512,19.5,NA
"","Mobile",1,NA,NA,1.9,512,32,NA
"G860T","Desktop",2,NA,2012,2.6,3,35,32
"B940","Mobile",2,NA,2011,2,2,35,16
"G632","Desktop",2,NA,2011,2.7,3,65,32
"","Mobile",1,NA,NA,0.4,256,13.1,NA
"","Mobile",1,NA,2003,1.1,1,12,NA
"","Desktop",1,NA,NA,0.6,256,15.8,NA
"","Desktop",1,NA,NA,0.55,512,30.8,NA
"950","Desktop",2,224,2006,3.4,4,130,NA
"","Desktop",1,NA,2004,3,1,89,NA
"661","Desktop",1,NA,2006,3.6,2,86,NA
"524","Desktop",1,NA,2006,3.06,1,84,NA
"519","Desktop",1,NA,NA,3.06,1,84,NA
"520","Desktop",1,NA,NA,2.8,1,84,NA
"","Desktop",1,NA,NA,1.8,256,66.7,NA
"","Mobile",1,NA,NA,0.8,256,25.9,NA
"","Mobile",1,NA,NA,2,512,32,NA
"B950","Mobile",2,NA,2011,2.1,2,35,16
"G870","Desktop",2,82,2012,3.1,3,65,32
"G640","Desktop",2,64,2012,2.8,3,65,32
"","Mobile",1,NA,NA,0.366,256,13.1,NA
"E6700","Desktop",2,NA,2010,3.2,2,65,NA
"E5800","Desktop",2,72,2010,3.2,2,65,NA
"T2390","Mobile",2,NA,NA,1.86,1,35,NA
"","Mobile",1,NA,NA,1.3,1,22,NA
"","Desktop",1,NA,NA,0.55,256,14.5,NA
"945","Desktop",2,163,2006,3.4,4,95,NA
"","Desktop",1,NA,NA,0.533,512,29.7,NA
"","Desktop",1,NA,NA,3,512,81.9,NA
"521","Desktop",1,NA,2005,2.8,1,84,NA
"516","Desktop",1,NA,2005,2.93,1,84,NA
"","Desktop",1,NA,NA,2.66,512,66.1,NA
"660","Desktop",1,NA,2005,3.6,2,115,NA
"","Mobile",1,NA,NA,0.75,256,24.6,NA
"","Mobile",1,NA,NA,0.65,256,7,NA
"","Mobile",1,NA,2002,2.2,512,35,NA
"G640T","Desktop",2,NA,2012,2.4,3,35,32
"","Mobile",1,NA,NA,0.333,256,11.8,NA
"E5700","Desktop",2,64,2010,3,2,65,NA
"T4400","Mobile",2,NA,2009,2.2,1,35,NA
"T2370","Mobile",2,NA,2008,1.73,1,35,NA
"E2220","Desktop",2,NA,2008,2.4,1,65,NA
"725","Mobile",1,NA,2004,1.6,2,7.5,NA
"","Mobile",1,NA,NA,1.4,1,22,NA
"","Desktop",1,NA,NA,0.533,256,14,NA
"","Desktop",1,NA,NA,0.5,512,28,NA
"940","Desktop",2,183,2006,3.2,4,130,NA
"","Desktop",1,NA,2004,3,1,89,NA
"651","Desktop",1,81,2006,3.4,2,86,NA
"520J","Desktop",1,NA,2004,2.8,1,84,NA
"515","Desktop",1,NA,2005,2.93,1,84,NA
"","Desktop",1,NA,NA,2.66,1,89,NA
"","Desktop",1,NA,NA,1.7,256,64,NA
"","Mobile",1,NA,NA,0.7,256,23,NA
"","Mobile",1,NA,NA,3.2,512,76,NA
"","Mobile",1,NA,NA,2.3,512,35,NA
"B960","Mobile",2,NA,2011,2.2,2,35,16
"","Mobile",1,NA,NA,0.3,512,11.1,NA
"957","Mobile",2,NA,2011,1.2,2,17,8.01
"","Desktop",1,NA,NA,0.233,512,17,NA
"T4500","Mobile",2,NA,2010,2.3,1,35,NA
"E6600","Desktop",2,75,2010,3.06,2,65,NA
"E5500","Desktop",2,72,2010,2.8,2,65,NA
"T2330","Mobile",2,NA,2007,1.6,1,35,NA
"","Desktop",1,NA,NA,2.8,1,89,NA
"935","Desktop",2,84,2007,3.2,4,95,NA
"","Desktop",1,NA,NA,0.5,256,13.2,NA
"","Desktop",1,NA,NA,1.4,256,31.2,NA
"","Desktop",1,NA,2004,2.8,1,89,NA
"650","Desktop",1,NA,2005,3.4,2,84,NA
"511","Desktop",1,NA,NA,2.8,1,84,NA
"","Desktop",1,NA,NA,2.53,512,61.5,NA
"","Desktop",1,NA,NA,1.6,512,38,NA
"","Mobile",1,NA,NA,0.65,256,21.5,NA
"","Mobile",1,NA,NA,1.26,512,22,NA
"","Mobile",1,NA,NA,3.06,512,70,NA
"552","Mobile",1,NA,NA,3.46,1,88,NA
"","Mobile",1,NA,NA,2.4,512,35,NA
"G645","Desktop",2,64,2012,2.9,3,65,32
"B970","Mobile",2,NA,2012,2.3,2,35,16
"967","Mobile",2,NA,2011,1.3,2,17,16
"P6300","Mobile",2,NA,2011,2.27,3,35,8
"","Mobile",1,NA,NA,0.3,256,11.6,NA
"","Desktop",1,NA,NA,0.2,512,15.7,NA
"","Desktop",1,NA,NA,0.2,512,37.9,NA
"","Desktop",1,NA,NA,0.333,512,20.6,NA
"G6960","Desktop",2,NA,2011,2.93,3,73,16.38
"E6500K","Desktop",2,NA,2009,2.93,2,65,NA
"E2200","Desktop",2,NA,2007,2.2,1,65,NA
"T2310","Mobile",2,NA,2007,1.46,1,35,NA
"","Mobile",1,NA,NA,1.5,1,24.5,NA
"","Desktop",1,NA,NA,0.45,512,25.3,NA
"","Desktop",1,NA,NA,2.8,1,89,NA
"","Desktop",1,NA,NA,1.33,256,29.9,NA
"930","Desktop",2,178,2006,3,4,95,NA
"840","Desktop",2,423,2005,3.2,2,130,NA
"","Desktop",1,NA,NA,2.8,512,69.7,NA
"641","Desktop",1,NA,2006,3.2,2,86,NA
"511","Desktop",1,NA,2005,2.8,1,84,NA
"","Desktop",1,NA,NA,1.6,256,61,NA
"","Mobile",1,NA,NA,0.6,512,34.5,NA
"","Mobile",1,NA,NA,1.2,512,22,NA
"","Mobile",1,NA,NA,2.8,512,68.4,NA
"548","Mobile",1,NA,NA,3.33,1,88,NA
"","Mobile",1,NA,NA,2.5,512,35,NA
"B980","Mobile",2,NA,2012,2.4,2,35,16
"G645T","Desktop",2,64,2012,2.5,3,35,32
"977","Mobile",2,NA,2012,1.4,2,17,16.38
"P6200","Mobile",2,NA,2010,2.13,3,35,8
"","Mobile",1,NA,NA,0.8,512,9.8,NA
"","Mobile",1,NA,NA,0.266,512,10.3,NA
"","Desktop",1,NA,NA,0.166,512,13.1,NA
"","Desktop",1,NA,NA,0.2,256,35,NA
"","Desktop",1,NA,NA,0.45,512,27.1,NA
"","Desktop",1,NA,NA,0.3,512,21.5,NA
"G6950","Desktop",2,NA,2010,2.8,3,73,16.38
"E6500","Desktop",2,NA,2008,2.93,2,65,NA
"E5400","Desktop",2,67,2009,2.7,2,65,NA
"T4300","Mobile",2,NA,NA,2.1,1,35,NA
"E2180","Desktop",2,NA,2007,2,1,65,NA
"520J","Desktop",1,NA,NA,2.8,1,84,NA
"T2130","Mobile",2,NA,2007,1.86,1,31,NA
"715","Mobile",1,NA,NA,1.5,2,7.5,NA
"","Mobile",1,NA,2003,1.6,1,24.5,NA
"","Desktop",1,NA,NA,1.2,256,29.9,NA
"925","Desktop",2,74,2006,3,4,95,NA
"830","Desktop",2,316,2005,3,2,130,NA
"640","Desktop",1,NA,2005,3.2,2,84,NA
"506","Desktop",1,NA,2005,2.66,1,84,NA
"","Desktop",1,NA,2002,2.4,512,59.8,NA
"","Desktop",1,NA,NA,1.5,256,57.8,NA
"","Mobile",1,NA,NA,0.5,256,16.8,NA
"","Mobile",1,NA,NA,1.13,512,21.8,NA
"","Mobile",1,NA,NA,2.66,512,66.1,NA
"","Mobile",1,NA,NA,2.6,512,35,NA
"538","Mobile",1,NA,NA,3.2,1,88,NA
"987","Mobile",2,NA,2012,1.5,2,17,16.38
"P6100","Mobile",2,NA,2010,2,3,35,8
"U5600","Mobile",2,NA,2011,1.33,3,18,8
"","Desktop",1,NA,NA,0.2,1,44,NA
"","Desktop",1,NA,NA,0.18,256,31.7,NA
"","Desktop",1,NA,NA,0.4,512,24.3,NA
"","Desktop",1,NA,NA,0.266,512,16.8,NA
"","Mobile",1,NA,NA,0.266,256,10.3,NA
"G6951","Desktop",2,NA,2011,2.8,3,73,16.38
"T3400","Mobile",2,NA,2008,2.16,1,35,NA
"E5300","Desktop",2,NA,2008,2.6,2,65,NA
"T2080","Mobile",2,NA,2007,1.73,1,31,NA
"E2160","Desktop",2,NA,2006,1.8,1,65,NA
"965","Desktop",2,999,2006,3.73,4,130,NA
"","Mobile",1,NA,NA,1.7,1,24.5,NA
"","Desktop",1,NA,NA,1.13,256,29.1,NA
"","Desktop",1,NA,NA,1.1,256,33,NA
"920","Desktop",2,NA,2006,2.8,4,95,NA
"820","Desktop",2,74,2005,2.8,2,95,NA
"","Desktop",1,NA,NA,2.6,512,69,NA
"","Desktop",1,NA,2004,3.73,2,115,NA
"","Desktop",1,NA,NA,3.4,2,102.9,NA
"631","Desktop",1,NA,2006,3,2,86,NA
"520","Desktop",1,NA,2004,2.8,1,84,NA
"505J","Desktop",1,NA,2005,2.66,1,84,NA
"","Desktop",1,NA,NA,2.4,1,89,NA
"","Desktop",1,NA,NA,1.4,256,54.7,NA
"","Mobile",1,NA,NA,0.45,256,15.5,NA
"","Mobile",1,NA,NA,1.06,512,21,NA
"532","Mobile",1,NA,NA,3.06,1,88,NA
"997","Mobile",2,NA,2012,1.6,2,17,16
"","Mobile",1,NA,NA,1.06,512,21,NA
"","Mobile",1,NA,NA,0.233,512,9,NA
"","Desktop",1,NA,NA,0.166,512,35,NA
"","Desktop",1,NA,NA,0.15,256,31.7,NA
"","Desktop",1,NA,NA,0.35,512,21.5,NA
"","Desktop",1,NA,NA,0.233,512,34.8,NA
"U5400","Mobile",2,NA,2010,1.2,3,18,8
"P6000","Mobile",2,NA,2010,1.86,3,35,8
"E6300","Desktop",2,77,2009,2.8,2,65,NA
"T4200","Mobile",2,NA,2009,2,1,35,NA
"E5200","Desktop",2,72,2008,2.5,2,65,NA
"T3200","Mobile",2,NA,NA,2,1,35,NA
"","Desktop",1,NA,NA,3,512,81.9,NA
"E2140","Desktop",2,NA,2007,1.6,1,65,NA
"T2060","Mobile",2,NA,2007,1.6,1,31,NA
"955","Desktop",2,999,2006,3.46,4,130,NA
"840","Desktop",2,NA,2005,3.2,2,130,NA
"705","Mobile",1,NA,NA,1.5,1,24.5,NA
"","Desktop",1,NA,2000,1,256,29,NA
"","Desktop",1,NA,2000,1,256,29,NA
"915","Desktop",2,74,2006,2.8,4,95,NA
"805","Desktop",2,93,2005,2.66,2,95,NA
"","Desktop",1,NA,NA,3.06,512,81.8,NA
"","Desktop",1,NA,NA,2.4,512,66.2,NA
"","Desktop",1,NA,2004,3.46,2,110.7,NA
"","Desktop",1,NA,NA,3.2,2,92.1,NA
"630","Desktop",1,NA,2005,3,2,84,NA
"620","Desktop",1,NA,NA,2.8,2,84,NA
"517","Desktop",1,NA,2005,2.93,1,84,NA
"505","Desktop",1,NA,NA,2.66,1,84,NA
"","Desktop",1,NA,NA,2.26,512,58,NA
"","Desktop",1,NA,NA,1.3,256,51.6,NA
"","Mobile",1,NA,NA,1,256,34,NA
"","Mobile",1,NA,NA,1,512,20.5,NA
"","Mobile",1,NA,NA,2.4,512,59.8,NA
"G1610T","Desktop",2,42,2013,2.3,2,35,32
"G1620","Desktop",2,NA,2013,2.7,2,55,32
"G1620T","Desktop",2,42,2013,2.4,2,35,32
"G1820","Desktop",2,42,2014,2.7,2,53,32
"G1630","Desktop",2,52,2013,2.8,2,55,32
"G1820T","Desktop",2,42,2014,2.4,2,35,32
"G1820TE","Embedded",2,42,2014,2.2,2,35,32
"G1830","Desktop",2,52,2014,2.8,2,53,32
"G1840","Desktop",2,42,2014,2.8,2,53,32
"G1840T","Desktop",2,42,2014,2.5,2,35,32
"G1850","Desktop",2,52,2014,2.9,2,53,32
"G3900","Desktop",2,42,2015,2.8,2,51,64
"G3900T","Desktop",2,NA,2015,2.6,2,35,64
"G3900E","Embedded",2,107,2016,2.4,2,35,64
"G3900TE","Embedded",2,42,2015,2.3,2,35,64
"G3920","Desktop",2,52,2015,2.9,2,51,64
"G3902E","Embedded",2,107,2016,1.6,2,25,64
"G3930","Desktop",2,42,2017,2.9,2,51,64
"G3930E","Desktop",2,42,2017,2.9,2,54,64
"G3930T","Desktop",2,42,2017,2.7,2,35,64
"G3930TE","Desktop",2,42,2017,2.7,2,35,64
"G3950","Desktop",2,52,2017,3,2,51,64
"J1800","Desktop",2,72,2013,2.41,1,10,8
"J1900","Desktop",4,82,2013,2,2,10,8
"J1850","Desktop",4,NA,2013,2,2,10,8
"J3060","Desktop",2,107,2016,1.6,2,6,8
"J3160","Desktop",4,NA,2016,1.6,2,6,8
"J3355","Desktop",2,107,2016,2,2,10,8
"J3455","Desktop",4,107,2016,1.5,2,10,8
"N2806","Mobile",2,107,2013,1.6,1,4.5,4
"N2807","Mobile",2,107,2014,1.58,1,4.3,4
"N2808","Mobile",2,107,2014,1.58,1,4.5,4
"N2810","Mobile",2,NA,2013,2,1,7.5,8
"N2815","Mobile",2,NA,2013,1.86,1,7.5,8
"N2820","Mobile",2,NA,2013,2.13,1,7.5,8
"N2830","Mobile",2,107,2014,2.16,1,7.5,8
"N2840","Mobile",2,107,2014,2.16,1,7.5,8
"N2910","Mobile",4,NA,2013,1.6,2,7.5,8.79
"N2920","Mobile",4,NA,2013,1.86,2,7.5,8
"N2930","Mobile",4,107,2014,1.83,2,7.5,8
"N2940","Mobile",4,107,2014,1.83,2,7.5,8
"N3450","Mobile",4,107,2016,1.1,2,6,8
"N3350","Mobile",2,107,2016,1.1,2,6,8
"N3160","Mobile",4,107,2016,1.6,2,6,8
"N3150","Mobile",4,107,2015,1.6,2,6,8
"N3060","Mobile",2,107,2016,1.6,2,6,8
"N3050","Mobile",2,107,2015,1.6,2,6,8
"N3010","Mobile",2,107,2016,1.04,2,4,8
"N3000","Mobile",2,107,2015,1.04,2,4,8
"3215U","Mobile",2,107,2015,1.7,2,15,16
"3755U","Mobile",2,107,2015,1.7,2,15,16
"3765U","Mobile",2,107,2015,1.9,2,15,16
"3855U","Mobile",2,107,2015,1.6,2,15,32
"3955U","Mobile",2,107,2015,2,2,15,32
"3865U","Mobile",2,107,2017,1.8,2,15,32
"3965Y","Mobile",2,NA,2017,1.5,2,6,16
"3965U","Mobile",2,107,2017,2.2,2,15,32
"i5-7Y54","Mobile",2,281,2016,3.2,4,4.5,16
"i5-7200U","Mobile",2,281,2016,3.1,3,15,32
"i5-7260U","Mobile",2,304,2017,3.4,4,15,32
"i5-7267U","Mobile",2,NA,2017,3.5,4,28,32
"i5-7287U","Mobile",2,NA,2017,3.7,4,28,32
"i5-7300HQ","Mobile",4,250,2017,3.5,6,45,64
"i5-7300U","Mobile",2,281,2017,3.5,3,15,32
"i5-7360U","Mobile",2,304,2017,3.6,4,15,32
"i5-7400","Desktop",4,182,2017,3.5,6,65,64
"i5-7400T","Desktop",4,NA,2017,3,6,35,64
"i5-7440EQ","Embedded",4,250,2017,3.6,6,45,64
"i5-7440HQ","Mobile",4,NA,2017,3.8,6,45,64
"i5-7442EQ","Embedded",4,250,2017,2.9,6,25,64
"i5-7500T","Desktop",4,NA,2017,3.3,6,35,64
"i5-7500","Desktop",4,NA,2017,3.8,6,65,64
"i5-7600","Desktop",4,NA,2017,4.1,6,65,64
"i5-7600T","Desktop",4,NA,2017,3.7,6,35,64
"i5-7600K","Desktop",4,NA,2017,4.2,6,91,64
"i7-3920XM","Mobile",4,1096,2012,3.8,8,55,32
"i7-3930K","Desktop",6,594,2011,3.8,12,130,64.23
"i7-3940XM","Mobile",4,1096,2012,3.9,8,55,32
"i7-3960X","Desktop",6,1059,2011,3.9,15,130,64
"i7-3970X","Desktop",6,1059,2012,4,15,150,64.45
"i7-4820K","Desktop",4,332,2013,3.9,10,130,64
"i7-4930MX","Mobile",4,NA,2013,3.9,8,57,32
"i7-4930K","Desktop",6,594,2013,3.9,12,130,64
"i7-4940MX","Mobile",4,NA,2014,4,8,57,32
"i7-4960X","Desktop",6,1059,2013,4,15,130,64
"i7-5820K","Desktop",6,NA,2014,3.6,15,140,64
"i7-5930K","Desktop",6,NA,2014,3.7,15,140,64
"i7-5960X","Desktop",8,NA,2014,3.5,20,140,64
"i7-6800K","Desktop",6,NA,2016,3.6,15,140,128
"i7-6850K","Desktop",6,NA,2016,3.8,15,140,128
"i7-6900K","Desktop",8,NA,2016,3.7,20,140,128
"i7-6950X","Desktop",10,NA,2016,3.5,25,140,128
"i5-7640X","Desktop",4,NA,2017,4.2,6,112,64
"i7-7740X","Desktop",4,NA,2017,4.5,8,112,64
"i7-7800X","Desktop",6,NA,2017,4,8.25,140,128
"i9-7900X","Desktop",10,NA,2017,4.3,13.75,140,128
"i7-7820X","Desktop",8,NA,2017,4.3,11,140,128
"i9-7920X","Desktop",12,NA,2017,4.3,16.5,140,128
"i9-7940X","Desktop",14,NA,2017,4.3,19.25,165,128
"i9-7960X","Desktop",16,NA,2017,4.2,22,165,128
"i9-7980XE","Desktop",18,NA,2017,4.2,24.75,165,128
"i7-8650U","Mobile",4,409,2017,4.2,8,15,32
"i5-8350U","Mobile",4,297,2017,3.6,6,15,32
"i7-7500U","Mobile",2,393,2016,3.5,4,15,32
"i7-7560U","Mobile",2,415,2017,3.8,4,15,32
"i7-7567U","Mobile",2,NA,2017,4,4,28,32
"i7-7600U","Mobile",2,393,2017,3.9,4,15,32
"i7-7660U","Mobile",2,415,2017,4,4,15,32
"i7-7700T","Desktop",4,NA,2017,3.8,8,35,64
"i7-7700K","Desktop",4,NA,2017,4.5,8,91,64
"i7-7700","Desktop",4,NA,2017,4.2,8,65,64
"i7-7700HQ","Mobile",4,378,2017,3.8,6,45,64
"i7-7820EQ","Embedded",4,378,2017,3.7,8,45,64
"i7-7820HK","Mobile",4,378,2017,3.9,8,45,64
"i7-7820HQ","Mobile",4,378,2017,3.9,8,45,64
"i7-7920HQ","Mobile",4,568,2017,4.1,8,45,64
"X1021D","Embedded",1,12.85,2014,0.4,16,2.2,2
"E620","Embedded",1,19,2010,0.6,512,3.3,2
"N2600","Mobile",2,42,2011,1.6,1,3.5,2.44
"E3805","Embedded",2,31,2014,1.33,1,3,8
"D2500","Desktop",2,42,2011,1.86,1,10,4
"C2316","Embedded",2,39,2017,1.5,1,7,16
"","Server",1,NA,NA,1.66,6,122,NA
"","Server",1,NA,NA,1.6,6,122,NA
"","Server",1,NA,NA,0.9,1.5,90,NA
"9010","Server",2,NA,NA,1.6,6,104,NA
"9110N","Server",1,696,2007,1.6,12,75,NA
"9310","Server",2,946,2010,1.6,10,130,NA
"9320","Server",4,1614,2010,1.47,16,155,NA
"9330","Server",4,2059,2010,1.6,20,155,NA
"9340","Server",4,2059,2010,1.73,20,185,NA
"9350","Server",4,3838,2010,1.87,24,185,NA
"9120N","Server",2,910,2007,1.42,12,104,NA
"9130M","Server",2,1552,2007,1.66,8,104,NA
"9140M","Server",2,1980,2007,1.66,18,104,NA
"9140N","Server",2,1980,2007,1.6,18,104,NA
"9150M","Server",2,3692,2007,1.66,24,104,NA
"9150N","Server",2,3692,2007,1.6,24,104,NA
"9152M","Server",2,NA,2007,1.66,24,104,NA
"9015","Server",2,NA,2007,1.4,12,104,NA
"9020","Server",2,NA,NA,1.42,12,104,NA
"9030","Server",2,NA,NA,1.6,8,104,NA
"9040","Server",2,NA,NA,1.6,18,104,NA
"9050","Server",2,NA,NA,1.6,24,104,NA
"","Server",1,NA,NA,1,3,100,NA
"","Server",1,NA,NA,1.3,3,97,NA
"","Server",1,NA,NA,1.4,4,91,NA
"","Server",1,NA,NA,1.5,4,107,NA
"","Server",1,NA,NA,1.5,6,107,NA
"","Server",1,NA,NA,1.6,9,122,NA
"","Server",1,NA,NA,1.66,9,122,NA
"C2350","Server",2,43,2013,2,1,6,16
"C2516","Embedded",4,64,2017,1.4,2,10,32
"C2530","Server",4,70,2013,2.4,2,9,32
"C2550","Server",4,86,2013,2.6,2,14,64
"C2730","Server",8,150,2013,2.4,4,12,32
"C2750","Server",8,171,2013,2.6,4,20,64
"C2308","Embedded",2,60,2014,1.25,1,6,16
"C2338","Embedded",2,60,2013,2,1,7,16
"C2358","Embedded",2,60,2013,2,1,7,16
"C2508","Embedded",4,98,2014,1.25,2,9.5,32
"C2518","Embedded",4,91,2013,1.7,2,13,32
"C2538","Embedded",4,104,2013,2.4,2,15,64
"C2558","Embedded",4,104,2013,2.4,2,15,64
"C2718","Embedded",8,182,2013,2,4,18,32
"C2758","Embedded",8,208,2013,2.4,4,20,64
"C2738","Embedded",8,208,2013,2.4,4,20,64
"C3958","Server",16,449,2017,2,16,31,256
"C3955","Server",16,434,2017,2.4,16,32,256
"C3950","Server",16,389,2017,2.2,16,24,256
"C3830","Server",12,289,2017,2.3,12,21.5,256
"C3858","Server",12,332,2017,2,12,25,256
"C3850","Server",12,323,2017,2.4,12,25,256
"C3808","Server",12,369,2017,2,12,25,256
"C3758","Server",8,193,2017,2.2,16,25,256
"C3750","Server",8,171,2017,2.4,16,21,256
"C3708","Server",8,209,2017,1.7,16,17,256
"C3558","Server",4,86,2017,2.2,8,16,256
"C3538","Server",4,75,2017,2.1,8,15,256
"C3508","Server",4,86,2017,1.6,8,11.5,256
"C3338","Server",2,27,2017,2.2,4,9,128
"C3308","Server",2,32,2017,2.1,4,9.5,128
"D2550","Desktop",2,47,2012,1.86,1,10,4
"D2700","Desktop",2,NA,2011,2.13,1,10,4
"E3815","Embedded",1,31,2013,1.46,512,5,8
"E3825","Embedded",2,34,2013,1.33,1,6,8
"E3826","Embedded",2,37,2013,1.46,1,7,8
"E3827","Embedded",2,41,2013,1.75,1,8,8
"E3845","Embedded",4,52,2013,1.91,2,10,8
"N2800","Mobile",2,47,2011,1.86,1,6.5,4.88
"S1220","Server",2,54,2012,1.6,1,8.1,8
"S1240","Server",2,64,2012,1.6,1,6.1,8
"S1260","Server",2,NA,2012,2,1,8.5,8
"S1269","Server",2,80,2013,1.6,1,11.7,8
"S1279","Server",2,103,2013,1.6,1,13.1,8
"S1289","Server",2,120,2013,2,1,14.1,8
"E8000","Embedded",4,39,2016,1.04,2,5,8
"E3930","Embedded",2,NA,2016,1.3,2,6.5,8
"E3940","Embedded",4,NA,2016,1.6,2,9.5,8
"E3950","Embedded",4,NA,2016,1.6,2,12,8
"E620T","Embedded",1,22,2010,0.6,512,3.3,2
"Z500","Mobile",1,NA,2008,0.8,512,0.65,NA
"Z510","Mobile",1,20,2008,1.1,512,2,NA
"E640","Embedded",1,29,2010,1,512,3.6,2
"Z600","Mobile",1,NA,2010,1.2,512,1.3,1
"Z510P","Mobile",1,20,2008,1.1,512,2.2,NA
"E640T","Embedded",1,37,2010,1,512,3.6,2
"Z510PT","Mobile",1,27,2008,1.1,512,2.2,NA
"E645C","Embedded",1,NA,2010,1,512,7,2.93
"Z515","Mobile",1,NA,2009,1.2,512,1.4,NA
"E645CT","Embedded",1,NA,2010,1,512,7,2.93
"230","Desktop",1,29,2008,1.6,512,4,NA
"Z520","Mobile",1,NA,2008,1.33,512,2,NA
"E660","Embedded",1,54,2010,1.3,512,3.6,2
"Z615","Mobile",1,NA,2010,1.6,512,2.2,2
"Z520PT","Mobile",1,50,2008,1.33,512,2.2,NA
"E660T","Embedded",1,64,2010,1.3,512,3.6,2
"Z530","Mobile",1,65,2008,1.6,512,2,NA
"E665C","Embedded",1,NA,2010,1.3,512,7,2.93
"Z625","Mobile",1,NA,2010,1.9,512,2.2,2
"N450","Mobile",1,64,2010,1.66,512,5.5,2
"Z530P","Mobile",1,65,2008,1.6,512,2.2,NA
"Z650","Mobile",1,NA,2011,1.2,512,3,2.93
"E665CT","Embedded",1,NA,2010,1.3,512,7,2.93
"N455","Mobile",1,64,2010,1.66,512,6.5,2
"D410","Desktop",1,43,2010,1.66,512,10,4
"D510","Desktop",2,63,2010,1.66,1,13,4
"Z540","Mobile",1,NA,2008,1.86,512,2.4,NA
"Z670","Mobile",1,NA,2011,1.5,512,3,2.93
"E680","Embedded",1,74,2010,1.6,512,4.5,2
"N550","Mobile",2,NA,2010,1.5,1,8.5,2
"N470","Mobile",1,NA,2010,1.83,512,6.5,2
"Z550","Mobile",1,NA,2009,2,512,2.4,NA
"N270","Mobile",1,32,2008,1.6,512,2.5,NA
"330","Desktop",2,NA,2008,1.6,1,8,NA
"N570","Mobile",2,NA,2011,1.66,1,8.5,2
"E680T","Embedded",1,85,2010,1.6,512,4.5,2
"Z560","Mobile",1,NA,2010,2.13,512,2.5,NA
"N475","Mobile",1,NA,2010,1.83,512,6.5,2
"D525","Desktop",2,63,2010,1.8,1,13,4
"D425","Desktop",1,42,2010,1.8,512,10,4
"N280","Mobile",1,NA,2009,1.66,512,2.5,NA
"X1021","Embedded",1,13.39,2014,0.4,16,2.2,2
"X1020D","Embedded",1,10.7,2014,0.4,16,2.2,2
"X1020","Embedded",1,11.23,2014,0.4,16,2.2,2
"X1011","Embedded",1,12.31,2014,0.4,16,2.2,2
"X1010","Embedded",1,10.16,2014,0.4,16,2.2,2
"X1001","Embedded",1,11.77,2014,0.4,16,2.2,2
"X1000","Embedded",1,9.62,2013,0.4,16,2.2,2
"9520","Server",4,1350,2012,1.73,20,130,NA
"9760","Server",8,4650,2017,2.66,32,170,NA
"7290F","Server",72,3368,2016,1.7,36,260,384
"3120A","Server",57,NA,2013,1.1,28.5,300,6
"3120P","Server",57,NA,2013,1.1,28.5,300,6
"E3-1290","Server",4,NA,2011,4,8,95,32
"D-1513N","Server",4,192,2017,2.2,6,35,128
"E5603","Server",4,NA,2011,1.6,4,80,288
"E3-1105C","Embedded",4,389,2012,1,6,25,32
"E3-1220 v3","Server",4,NA,2013,3.5,8,80,32
"E3-1258LV4","Embedded",4,393,2015,3.2,6,47,32
"E3-1220V5","Server",4,NA,2015,3.5,8,80,64
"E3-1220V6","Server",4,NA,2017,3.5,8,72,64
"E5-2690","Server",8,NA,2012,3.8,20,135,384
"E5-2697V2","Server",12,NA,2013,3.5,30,130,768
"E5-2695V2","Server",12,NA,2013,3.2,30,115,768
"E5-1620V4","Server",4,NA,2016,3.8,10,140,1576.96
"E5-1630V4","Server",4,406,2016,4,10,140,1576.96
"E5-1650V4","Server",6,NA,2016,4,15,140,1576.96
"E5-1660V4","Server",8,1113,2016,3.8,20,140,1576.96
"E5-1680V4","Server",8,1723,2016,4,20,140,1576.96
"E5-2603V4","Server",6,213,2016,1.7,15,85,1576.96
"E5-2608LV4","Embedded",8,363,2016,1.7,20,50,1576.96
"E5-2609V4","Server",8,NA,2016,1.7,20,85,1576.96
"E5-2618LV4","Embedded",10,779,2016,3.2,25,75,1576.96
"E5-2620V4","Server",8,NA,2016,3,20,85,1576.96
"E5-2623V4","Server",4,444,2016,3.2,10,85,1576.96
"E5-2628LV4","Embedded",12,1364,2016,2.4,30,75,1576.96
"E5-2630LV4","Server",10,612,2016,2.9,25,55,1576.96
"E5-2630V4","Server",10,NA,2016,3.1,25,85,1576.96
"E5-2637V4","Server",4,996,2016,3.7,15,135,1576.96
"E5-2640V4","Server",10,939,2016,3.4,25,90,1576.96
"E5-2643V4","Server",6,1552,2016,3.7,20,135,1576.96
"E5-2648LV4","Embedded",14,1544,2016,2.5,35,75,1576.96
"E5-2650LV4","Server",14,1329,2016,2.5,35,65,1576.96
"E5-2650V4","Server",12,NA,2016,2.9,30,105,1576.96
"E5-2660V4","Server",14,1445,2016,3.2,35,105,NA
"E5-2667V4","Server",8,2057,2016,3.6,25,135,1576.96
"E5-2658V4","Embedded",14,1832,2016,2.8,35,105,1576.96
"E5-2680V4","Server",14,NA,2016,3.3,35,120,1576.96
"E5-2683V4","Server",16,1846,2016,3,40,120,1576.96
"E5-2687WV4","Server",12,NA,2016,3.5,30,160,1576.96
"E5-2690V4","Server",14,NA,2016,3.5,35,135,1576.96
"E5-2695V4","Server",18,NA,2016,3.3,45,120,1576.96
"E5-2697AV4","Server",16,2891,2016,3.6,40,145,1576.96
"E5-2697V4","Server",18,2702,2016,3.6,45,145,1576.96
"E5-2698V4","Server",20,3226,2016,3.6,50,135,1576.96
"E5-2699RV4","Embedded",22,4560,2016,3.6,55,145,1576.96
"E5-2699V4","Server",22,4115,2016,3.6,55,145,1576.96
"E5-2699AV4","Server",22,4938,2016,3.6,55,145,1576.96
"E5-4610V4","Server",10,1219,2016,1.8,25,105,1576.96
"E5-4620V4","Server",10,1668,2016,2.6,25,105,1576.96
"E5-4627V4","Server",10,2225,2016,3.2,25,135,1576.96
"E5-4628LV4","Embedded",14,2535,2016,2.2,35,75,1576.96
"E5-4640V4","Server",12,2837,2016,2.6,30,105,1576.96
"E5-4650V4","Server",14,3838,2016,2.8,35,105,1576.96
"E5-4655V4","Server",8,4616,2016,3.2,30,135,1576.96
"E5-4660V4","Server",16,4727,2016,3,40,120,1576.96
"E5-4667V4","Server",18,5729,2016,3,45,135,1576.96
"E5-4669V4","Server",22,7007,2016,3,55,135,1576.96
"E5-2603V3","Server",6,NA,2014,1.6,15,85,768
"E5-2608LV3","Embedded",6,441,2014,2,15,52,768
"E5-2609V3","Server",6,306,2014,1.9,15,85,768
"E5-2618LV3","Embedded",8,779,2014,3.4,20,75,768
"E5-2620V3","Server",6,NA,2014,3.2,15,85,768
"E5-2623V3","Server",4,444,2014,3.5,10,105,768
"E5-2628LV3","Embedded",10,1364,2014,2.5,25,75,768
"E5-2630V3","Server",8,NA,2014,3.2,20,85,768
"E5-2630LV3","Server",8,612,2014,2.9,20,55,768
"E5-2637V3","Server",4,996,2014,3.7,15,135,768
"E5-2640V3","Server",8,NA,2014,3.4,20,90,768
"E5-2643V3","Server",6,1552,2014,3.7,20,135,768
"E5-2650V3","Server",10,NA,2014,3,25,105,768
"E5-2648LV3","Embedded",12,1544,2014,2.5,30,75,768
"E5-2650LV3","Server",12,1329,2014,2.5,30,65,768
"E5-2658V3","Embedded",12,1832,2014,2.9,30,105,768
"E5-2658AV3","Embedded",12,1832,2015,2.9,30,105,768
"E5-2660V3","Server",10,NA,2014,3.3,25,105,768
"E5-2667V3","Server",8,2057,2014,3.6,20,135,768
"E5-2670V3","Server",12,NA,2014,3.1,30,120,768
"E5-2680V3","Server",12,NA,2014,3.3,30,120,768
"E5-2683V3","Server",14,1846,2014,3,35,120,768
"E5-4610V3","Server",10,1219,2015,1.7,25,105,768
"E5-4620V3","Server",10,1668,2015,2.6,25,105,768
"E5-2687WV3","Server",10,NA,2014,3.5,25,160,768
"E5-4627V3","Server",10,2225,2015,3.2,25,135,768
"E5-2690V3","Server",12,NA,2014,3.5,30,135,768
"E5-4640V3","Server",12,2859,2015,2.6,30,105,768
"E5-1680V3","Server",8,1723,2014,3.8,20,140,768
"E5-2695V3","Server",14,NA,2014,3.3,35,120,768
"E5-4648V3","Embedded",12,2405,2015,2.2,30,105,768
"E5-1660V3","Server",8,1080,2014,3.5,20,140,768
"E5-4650V3","Server",12,3838,2015,2.8,30,105,768
"E5-1650V3","Server",6,NA,2014,3.8,15,140,768
"E5-2697V3","Server",14,NA,2014,3.6,35,145,768
"E5-4655V3","Server",6,4616,2015,3.2,30,135,768
"E5-2408LV3","Embedded",4,256,2015,1.8,10,45,384
"E5-1630V3","Server",4,372,2014,3.8,10,140,768
"E5-2698V3","Server",16,NA,2014,3.6,40,135,768
"E5-4660V3","Server",14,4727,2015,2.9,35,120,768
"E5-2418LV3","Embedded",6,472,2015,2,15,50,384
"E5-1620V3","Server",4,NA,2014,3.6,10,140,768
"E5-4667V3","Server",16,5729,2015,2.9,40,135,768
"E5-2428LV3","Embedded",8,811,2015,1.8,20,55,384
"E5-4669V3","Server",18,7007,2015,2.9,45,135,768
"E5-2438LV3","Embedded",10,1555,2015,1.8,25,70,384
"E5-1428LV3","Embedded",8,608,2015,2,20,65,384
"E5-2699V3","Server",18,NA,2014,3.6,45,145,768
"E5-2690V2","Server",10,NA,2013,3.6,25,130,768
"E5-2680V2","Server",10,NA,2013,3.6,25,115,768
"E5-2687WV2","Server",8,NA,2013,4,25,150,256
"E5-2670V2","Server",10,NA,2013,3.3,25,115,768
"E5-2667V2","Server",8,2057,2013,4,25,130,768
"E5-2660V2","Server",10,NA,2013,3,25,95,768
"E5-2650LV2","Server",10,1219,2013,2.1,25,70,768
"E5-2658V2","Embedded",10,1750,2013,3,25,95,768
"E5-2650V2","Server",8,NA,2013,3.4,20,95,768
"E5-2470V2","Server",10,1440,2014,3.2,25,95,384
"E5-2648LV2","Embedded",10,1479,2013,2.5,25,70,768
"E5-2450LV2","Server",10,1219,2014,2.1,25,60,384
"E5-2643V2","Server",6,1552,2013,3.8,25,130,768
"E5-2450V2","Server",8,1107,2014,3.3,20,95,384
"E5-4657LV2","Server",12,4394,2014,2.9,30,115,768
"E5-2448LV2","Embedded",10,1424,2014,2.4,25,70,384
"E5-2640V2","Server",8,NA,2013,2.5,20,95,768
"E5-2637V2","Server",4,996,2013,3.8,15,130,768
"E5-4650V2","Server",10,3616,2014,2.9,25,95,768
"E5-2440V2","Server",8,832,2014,2.4,20,95,384
"E5-2630LV2","Server",6,612,2013,2.8,15,60,768
"E5-2430LV2","Server",6,612,2014,2.8,15,60,384
"E5-4640V2","Server",10,2725,2014,2.7,20,95,768
"E5-2630V2","Server",6,NA,2013,3.1,15,80,768
"E5-2430V2","Server",6,551,2014,3,15,80,384
"E5-4627V2","Server",8,2108,2014,3.6,16,130,768
"E5-4624LV2","Embedded",10,2405,2014,2.5,25,70,768
"E5-2628LV2","Embedded",8,1216,2013,2.4,20,70,768
"E5-2428LV2","Embedded",8,1013,2014,2.3,20,60,384
"E5-2620V2","Server",6,NA,2013,2.6,15,80,768
"E5-2420V2","Server",6,406,2014,2.7,15,80,384
"E5-1660V2","Server",6,NA,2013,4,15,130,256
"E5-4620V2","Server",8,1611,2014,3,20,95,768
"E5-2618LV2","Embedded",6,632,2013,2,15,50,768
"E5-2418LV2","Embedded",6,607,2014,2,15,50,384
"E5-1650V2","Server",6,583,2013,3.9,12,130,256
"E5-4610V2","Server",8,1219,2014,2.7,16,95,768
"E5-4607V2","Server",6,885,2014,2.6,15,95,768
"E5-2609V2","Server",4,NA,2013,2.5,10,80,768
"E5-2407V2","Server",4,250,2014,2.4,10,80,384
"E5-1620V2","Server",4,294,2013,3.9,10,130,256
"E5-1428LV2","Embedded",6,494,2014,2.7,15,60,384
"E5-2603V2","Server",4,202,2013,1.8,10,80,768
"E5-2403V2","Server",4,192,2014,1.8,10,80,384
"E5-4603V2","Server",4,551,2014,2.2,10,95,768
"E5-2687W","Server",8,NA,2012,3.8,20,150,256
"E5-2680","Server",8,NA,2012,3.5,20,130,384
"E5-2670","Server",8,NA,2012,3.3,20,115,384
"E5-2667","Server",6,1552,2012,3.5,15,130,384
"E5-2665","Server",8,NA,2012,3.1,20,115,384
"E5-2660","Server",8,NA,2012,3,20,95,384
"E5-2658","Embedded",8,1479,2012,2.4,20,95,384
"E5-2650","Server",8,NA,2012,2.8,20,95,384
"E5-2648L","Embedded",8,1266,2012,2.1,20,70,384
"E5-2650L","Server",8,1107,2012,2.3,20,70,384
"E5-2643","Server",4,885,2012,3.5,10,130,384
"E5-2470","Server",8,NA,2012,3.1,20,95,384
"E5-2450L","Server",8,1107,2012,2.3,20,70,384
"E5-2640","Server",6,NA,2012,3,15,95,384
"E5-2450","Server",8,NA,2012,2.9,20,95,384
"E5-2637","Server",2,885,2012,3.5,5,80,384
"E5-2448L","Embedded",8,1266,2012,2.1,20,70,384
" E5-4650L","Server",8,NA,2012,3.1,20,115,384
"E5-2630L","Server",6,662,2012,2.5,15,60,384
"E5-4650","Server",8,NA,2012,3.3,20,130,384
"E5-2440","Server",6,NA,2012,2.9,15,95,384
"E5-2630","Server",6,NA,2012,2.8,15,95,384
"E5-1660","Server",6,NA,2012,3.9,15,130,256
"E5-2430L","Server",6,662,2012,2.5,15,60,384
"E5-2430","Server",6,NA,2012,2.7,15,95,384
"E5-4640","Server",8,NA,2012,2.8,20,95,384
"E5-2428L","Embedded",6,692,2012,2,15,60,384
"E5-4620","Server",8,NA,2012,2.6,16,95,384
"E5-1650","Server",6,583,2012,3.8,12,130,256
"E5-2620","Server",6,NA,2012,2.5,15,95,384
"E5-2420","Server",6,NA,2012,2.4,15,95,384
"E5-4617","Server",6,1611,2012,3.4,15,130,384
"E5-2418L","Embedded",4,428,2012,2.1,10,50,384
"E5-1428L","Server",6,480,2012,1.8,15,60,NA
"E5-1620","Server",4,294,2012,3.8,10,130,375
"E5-2609","Server",4,NA,2012,2.4,10,80,384
"E5-4610","Server",6,NA,2012,2.9,15,95,384
"E5-2407","Server",4,NA,2012,2.2,10,80,384
"E5-4607","Server",6,NA,2012,2.2,12,95,384
"E5-2403","Server",4,NA,2012,1.8,10,80,384
"E5-4603","Server",4,NA,2012,2,10,95,384
"E5-2603","Server",4,NA,2012,1.8,10,80,384
"E3-1225V6","Server",4,NA,2017,3.7,8,73,64
"E3-1230V6","Server",4,NA,2017,3.9,8,72,64
"E3-1240V6","Server",4,NA,2017,4.1,8,72,64
"E3-1245V6","Server",4,NA,2017,4.1,8,73,64
"E3-1270V6","Server",4,NA,2017,4.2,8,72,64
"E3-1275V6","Server",4,339,2017,4.2,8,73,64
"E3-1280V6","Server",4,383,2017,4.2,8,72,64
"E3-1285V6","Server",4,450,2017,4.5,8,79,64
"E3-1501LV6","Embedded",4,NA,2017,2.9,6,25,64
"E3-1501MV6","Embedded",4,NA,2017,3.6,6,45,64
"E3-1505LV6","Embedded",4,433,2017,3,8,25,64
"E3-1505MV6","Mobile",4,434,2017,4,8,45,64
"E3-1535MV6","Mobile",4,623,2017,4.2,8,45,64
"E3-1225V5","Server",4,NA,2015,3.7,8,80,64
"E3-1230V5","Server",4,NA,2015,3.8,8,80,64
"E3-1240V5","Server",4,NA,2015,3.9,8,80,64
"E3-1235LV5","Server",4,250,2015,3,8,25,64
"E3-1240LV5","Server",4,278,2015,3.2,8,25,64
"E3-1245V5","Server",4,NA,2015,3.9,8,80,64
"E3-1260LV5","Server",4,294,2015,3.9,8,45,64
"E3-1268LV5","Embedded",4,377,2015,3.4,8,35,64
"E3-1270V5","Server",4,NA,2015,4,8,80,64
"E3-1275V5","Server",4,NA,2015,4,8,80,64
"E3-1280V5","Server",4,612,2015,4,8,80,64
"E3-1505MV5","Mobile",4,434,2015,3.7,8,45,64
"E3-1505LV5","Embedded",4,433,2015,2.8,8,25,64
"E3-1515MV5","Mobile",4,489,2016,3.7,8,45,64
"E3-1535MV5","Mobile",4,623,2015,3.8,8,45,64
"E3-1545MV5","Mobile",4,679,2016,3.8,8,45,64
"E3-1558LV5","Embedded",4,396,2016,3.3,8,45,64
"E3-1565LV5","Server",4,417,2016,3.5,8,35,64
"E3-1575MV5","Mobile",4,1207,2016,3.9,8,45,64
"E3-1578LV5","Embedded",4,449,2016,3.4,8,45,64
"E3-1585LV5","Server",4,445,2016,3.7,8,45,64
"E3-1585V5","Server",4,556,2016,3.9,8,65,64
"E3-1265LV4","Server",4,417,2015,3.3,6,35,32
"E3-1278LV4","Embedded",4,449,2015,3.3,6,47,32
"E3-1285V4","Server",4,556,2015,3.8,6,95,32
"E3-1285LV4","Server",4,445,2015,3.8,6,65,32
"E3-1220LV3","Server",2,NA,2013,1.5,4,13,32
"E3-1226V3","Server",4,NA,2014,3.7,8,84,32
"E3-1225V3","Server",4,NA,2013,3.6,8,84,32
"E3-1230 v3","Server",4,NA,2013,3.7,8,80,32
"E3-1230Lv3","Server",4,250,2013,2.8,8,25,32
"E3-1231V3","Server",4,NA,2014,3.8,8,80,32
"E3-1240 v3","Server",4,NA,2013,3.8,8,80,32
"E3-1240LV3","Server",4,278,2014,3,8,25,32
"E3-1241V3","Server",4,NA,2014,3.9,8,80,32
"E3-1245 v3","Server",4,NA,2013,3.8,8,84,32
"E3-1246V3","Server",4,NA,2014,3.9,8,84,32
"E3-1275 v3","Server",4,NA,2013,3.9,8,84,32
"E3-1265Lv3","Server",4,294,2013,3.7,8,45,32
"E3-1271V3","Server",4,NA,2014,4,8,80,32
"E3-1268LV3","Embedded",4,377,2013,3.3,8,45,32
"E3-1270 v3","Server",4,NA,2013,3.9,8,80,32
"E3-1275LV3","Server",4,328,2014,3.9,8,45,32
"E3-1280 v3","Server",4,612,2013,4,8,82,32
"E3-1276V3","Server",4,NA,2014,4,8,84,32
"E3-1281V3","Server",4,612,2014,4.1,8,82,32
"E3-1285 v3","Server",4,662,2013,4,8,84,32
"E3-1285Lv3","Server",4,NA,2013,3.9,8,65,32
"E3-1286V3","Server",4,662,2014,4.1,8,84,32
"E3-1286LV3","Server",4,774,2014,4,8,65,32
"E3-1105CV2","Embedded",4,389,2013,1.8,8,25,32
"E3-1125CV2","Embedded",4,545,2013,2.5,8,40,32
"E3-1220LV2","Server",2,189,2012,3.5,3,17,32.23
"E3-1220V2","Server",4,NA,2012,3.5,8,69,32.77
"E3-1225V2","Server",4,NA,2012,3.6,8,77,32.77
"E3-1230V2","Server",4,NA,2012,3.7,8,69,32.77
"E3-1240V2","Server",4,NA,2012,3.8,8,69,32.77
"E3-1245V2","Server",4,NA,2012,3.8,8,77,32.77
"E3-1265LV2","Server",4,NA,2012,3.5,8,45,32.77
"E3-1270V2","Server",4,NA,2012,3.9,8,69,32.77
"E3-1280V2","Server",4,623,2012,4,8,69,32.77
"E3-1275V2","Server",4,NA,2012,3.9,8,77,32.77
"E3-1290V2","Server",4,NA,2012,4.1,8,87,32.77
"E3-1125C","Embedded",4,519,2012,2,8,40,32
"E3-1220","Server",4,NA,2011,3.4,8,80,32
"E3-1220L","Server",2,189,2011,3.4,3,20,32
"E3-1225","Server",4,NA,2011,3.4,6,95,32
"E3-1230","Server",4,230,2011,3.6,8,80,32
"E3-1240","Server",4,NA,2011,3.7,8,80,32
"E3-1235","Server",4,250,2011,3.6,8,95,32
"E3-1245","Server",4,NA,2011,3.7,8,95,32
"E3-1260L","Server",4,294,2011,3.3,8,45,32
"E3-1275","Server",4,NA,2011,3.8,8,95,32
"E3-1270","Server",4,NA,2011,3.8,8,80,32
"E3-1280","Server",4,NA,2011,3.9,8,95,32
"D-1518","Server",4,234,2015,2.2,6,35,128
"D-1520","Server",4,199,2015,2.6,6,45,128
"D-1521","Server",4,199,2015,2.7,6,45,128
"D-1523N","Server",4,256,2017,2.6,6,45,128
"D-1527","Server",4,259,2015,2.7,6,35,128
"D-1528","Server",6,389,2015,2.5,9,35,128
"D-1529","Server",4,324,2016,1.3,6,20,128
"D-1531","Server",6,348,2015,2.7,9,45,128
"D-1533N","Server",6,470,2017,2.7,9,45,128
"D-1537","Server",8,571,2015,2.3,12,35,128
"D-1539","Server",8,590,2016,2.2,12,35,128
"D-1540","Server",8,581,2015,2.6,12,45,128
"D-1541","Server",8,581,2015,2.7,12,45,128
"D-1543N","Server",8,652,2017,2.5,12,45,128
"D-1548","Server",8,675,2015,2.6,12,45,128
"D-1559","Server",12,883,2016,2.1,18,45,128
"D-1557","Server",12,844,2016,2.1,18,45,128
"D-1567","Server",12,1299,2016,2.7,18,65,128
"D-1553N","Server",8,855,2017,2.7,12,65,128
"D-1571","Server",16,1222,2016,2.1,24,45,128
"D-1577","Server",16,1477,2016,2.1,24,45,128
"E5606","Server",4,NA,2011,2.13,8,80,288
"","Server",1,NA,2003,2.4,512,40,NA
"","Server",1,NA,2004,2.8,1,55,NA
"E5607","Server",4,NA,2011,2.26,8,80,288
"","Server",1,NA,2002,1.6,512,30,NA
"E5620","Server",4,NA,2010,2.66,12,80,288
"","Server",1,NA,NA,3,512,85,NA
"E5630","Server",4,NA,2010,2.8,12,80,288
"","Server",1,3692,NA,3,4,85,NA
"","Server",1,NA,NA,3.8,2,110,NA
"E5640","Server",4,NA,2010,2.93,12,80,288
"","Server",1,NA,NA,2.8,512,74,NA
"","Server",1,NA,NA,3.8,2,110,NA
"E5645","Server",6,NA,2010,2.67,12,80,288
"","Server",1,3692,NA,2.8,2,72,NA
"E5649","Server",6,NA,2011,2.93,12,80,288
"","Server",1,1980,NA,2.7,2,80,NA
"","Server",1,NA,NA,3.6,2,110,NA
"L5609","Server",4,440,2010,1.86,12,40,288
"","Server",1,NA,NA,3.6,2,110,NA
"","Server",1,NA,NA,2.6,512,60,NA
"L5618","Server",4,437,2010,2.26,12,40,NA
"E5502","Server",2,NA,2009,1.86,4,80,144
"E5405","Server",4,231,2007,2,12,80,NA
"","Server",1,1980,NA,2.5,1,66,NA
"","Server",1,NA,NA,3.6,1,103,NA
"L5630","Server",4,NA,2010,2.4,12,40,288
"E5503","Server",2,NA,2010,2,4,80,144
"E5410","Server",4,284,2007,2.33,12,80,NA
"","Server",1,NA,NA,2.4,512,65,NA
"","Server",1,NA,NA,3.4,2,110,NA
"E5504","Server",4,221,2009,2,4,80,144
"L5638","Server",6,525,2010,2.4,12,60,NA
"E5420","Server",4,347,2007,2.5,12,80,NA
"","Server",1,NA,NA,3.4,2,110,NA
"","Server",1,NA,NA,2.2,512,61,NA
"E5506","Server",4,NA,2009,2.13,4,80,144
"E5205","Server",2,NA,2007,1.86,6,65,NA
"E5430","Server",4,491,2007,2.66,12,80,NA
"","Server",1,1177,NA,2.2,2,65,NA
"","Server",1,NA,NA,3.4,1,103,NA
"L5640","Server",6,NA,2010,2.8,12,60,288
"E5507","Server",4,NA,2010,2.26,4,80,144
"E5220","Server",2,317,2008,2.33,6,65,NA
"E5440","Server",4,NA,2008,2.83,12,80,NA
"","Server",2,NA,2006,1.66,2,15,NA
"","Server",1,NA,NA,2,512,58,NA
"","Server",1,NA,NA,3.2,2,110,NA
"X5647","Server",4,774,2011,3.2,12,130,288
"E5520","Server",4,NA,2009,2.53,8,80,144
"E5450","Server",4,969,2007,3,12,80,NA
"E5240","Embedded",2,649,2008,3,6,65,NA
"","Server",2,NA,2006,2.16,2,31,NA
"","Server",1,NA,NA,3.2,2,110,NA
"","Server",1,3587,NA,2,2,57,NA
"X5650","Server",6,NA,2010,3.06,12,95,288
"E5530","Server",4,NA,2009,2.66,8,80,144
"E5462","Server",4,NA,2007,2.8,12,80,NA
"","Server",1,NA,2004,3.2,1,103,NA
"","Server",1,NA,NA,3.2,2,92,NA
"","Server",1,NA,NA,2,256,77.5,NA
"","Server",2,NA,2006,2,2,31,NA
"5110","Server",2,NA,NA,1.6,4,65,NA
"X5660","Server",6,NA,2010,3.2,12,95,288
"E5540","Server",4,940,2009,2.8,8,80,144
"E5472","Server",4,NA,2007,3,12,80,NA
"","Server",1,856,NA,2,1,57,NA
"","Server",1,NA,NA,3.2,1,92,NA
"5120","Server",2,NA,NA,1.86,4,65,NA
"X5667","Server",4,1440,2010,3.46,12,95,288
"L5506","Server",4,NA,2009,2.13,4,60,144
"L3360","Server",4,340,2009,2.83,12,65,NA
"L5215","Server",2,NA,2008,1.86,6,20,NA
"L5408","Embedded",4,494,2008,2.13,12,40,NA
"E5310","Server",4,NA,2006,1.6,8,80,NA
"","Server",1,1850,NA,1.9,1,55,NA
"","Server",1,NA,NA,3.06,512,85,NA
"","Server",2,NA,2006,1.66,2,31,NA
"5130","Server",2,NA,2006,2,4,65,NA
"","Server",2,NA,NA,2.8,4,135,NA
"","Server",1,NA,NA,3,2,110,NA
"X5670","Server",6,NA,2010,3.33,12,95,288
"L5508","Embedded",2,403,2009,2.4,8,38,144
"X3320","Server",4,NA,2008,2.5,6,95,NA
"L5410","Server",4,NA,2008,2.33,12,50,NA
"E5320","Server",4,NA,2006,1.86,8,80,NA
"7110M","Server",2,NA,NA,2.6,4,95,NA
"","Server",1,NA,NA,3.06,1,87,NA
"","Server",1,NA,NA,1.8,512,55,NA
"5140","Server",2,478,2006,2.33,4,65,NA
"3040","Server",2,NA,NA,1.86,2,65,NA
"","Server",1,NA,NA,3,1,103,NA
"X5672","Server",4,NA,2011,3.6,12,95,288
"E7520","Server",4,NA,2010,1.87,18,95,NA
"L3406","Server",2,201,2010,2.53,4,30,16.38
"L5518","Embedded",4,504,2009,2.4,8,60,144
"E7420","Server",4,1223,2008,2.13,8,90,NA
"L5238","Embedded",2,560,2008,2.66,6,35,NA
"L5420","Server",4,413,2008,2.5,12,50,NA
"E5335","Server",4,NA,2007,2,8,80,NA
"","Server",1,NA,NA,3,2,55,NA
"","Server",1,NA,NA,0.7,2,29.6,NA
"7110N","Server",2,NA,NA,2.5,4,95,NA
"","Server",1,NA,NA,1.7,256,65.8,NA
"5150","Server",2,NA,NA,2.66,4,65,NA
"3050","Server",2,NA,NA,2.13,2,65,NA
"X5675","Server",6,NA,2011,3.46,12,95,288
"W3670","Server",6,594,2010,3.46,12,130,24
"E7530","Server",6,NA,2010,2.13,12,105,NA
"L3426","Server",4,305,2009,3.2,8,45,32
"L5520","Server",4,NA,2009,2.48,8,60,144
"W3520","Server",4,305,2009,2.93,8,130,24
"E7430","Server",4,NA,2008,2.13,12,90,NA
"X3330","Server",4,202,2008,2.66,6,95,NA
"L5240","Server",2,NA,2008,3,6,40,NA
"L5430","Server",4,601,2008,2.66,12,50,NA
"E7310","Server",4,NA,2007,1.6,4,80,NA
"E5345","Server",4,NA,2007,2.33,8,80,NA
"","Server",1,NA,NA,0.7,1,29.6,NA
"","Server",1,NA,NA,3,1,103,NA
"","Server",1,NA,NA,0.933,256,29.6,NA
"5160","Server",2,NA,NA,3,4,80,NA
"7120M","Server",2,1177,NA,3,4,95,NA
"5030","Server",2,NA,NA,2.66,4,95,NA
"3060","Server",2,NA,NA,2.4,4,65,NA
"X5677","Server",4,1663,2010,3.73,12,130,288
"E7540","Server",6,NA,2010,2.27,18,105,NA
"X3430","Server",4,NA,2009,2.8,8,95,32
"L5530","Server",4,NA,2009,2.66,8,60,144
"W3530","Server",4,305,2010,3.06,8,130,24
"E7440","Server",4,2059,2008,2.4,16,90,NA
"X5450","Server",4,912,2007,3,12,120,NA
"X3350","Server",4,268,2008,2.66,12,95,NA
"E7320","Server",4,NA,2007,2.13,4,80,NA
"3065","Server",2,NA,2007,2.33,4,65,NA
"5113","Server",2,NA,NA,1.6,4,40,NA
"L5310","Server",4,NA,2007,1.6,8,50,NA
"","Server",1,NA,NA,0.866,256,27.4,NA
"","Server",1,NA,NA,0.55,512,34,NA
"","Server",1,NA,NA,1.6,1,72,NA
"","Server",1,NA,2003,2.8,512,74,NA
"7120N","Server",2,NA,NA,3,4,95,NA
"5040","Server",2,NA,NA,2.83,4,95,NA
"","Server",1,NA,NA,3.66,1,110,NA
"","Server",1,NA,NA,2.8,2,110,NA
"","Server",1,NA,NA,0.45,512,34.5,NA
"EC5509","Embedded",4,286,2010,2,8,85,NA
"L7545","Server",6,NA,2010,2.53,18,95,NA
"X3440","Server",4,230,2009,2.93,8,95,32
"W3540","Server",4,594,2009,3.2,8,130,24
"W5580","Server",4,NA,2009,3.46,8,130,144
"E7450","Server",6,2391,2008,2.4,12,90,NA
"L5318","Server",4,NA,2007,1.6,8,40,NA
"X5460","Server",4,1245,2007,3.16,12,120,NA
"E7330","Server",4,NA,2007,2.4,6,80,NA
"","Server",1,NA,NA,0.8,256,25.4,NA
"","Server",1,NA,NA,0.55,2,39.5,NA
"","Server",1,NA,NA,1.5,512,68,NA
"7130M","Server",2,1391,NA,3.2,8,150,NA
"","Server",1,307,NA,2.8,1,77,NA
"5050","Server",2,177,NA,3,4,95,NA
"3070","Server",2,NA,NA,2.66,4,65,NA
"","Server",1,NA,NA,3.33,8,129,NA
"","Server",1,NA,NA,2.8,1,103,NA
"","Server",1,NA,NA,0.45,2,46.7,NA
"W3680","Server",6,594,2010,3.6,12,130,24
"X5680","Server",6,NA,2010,3.6,12,130,288
"EC3539","Embedded",4,326,2010,2.13,8,65,NA
"EC5539","Embedded",2,417,2010,2.27,4,65,NA
"X3450","Server",4,NA,2009,3.2,8,95,32
"L7555","Server",8,NA,2010,2.53,24,95,NA
"W5590","Server",4,NA,2009,3.6,8,130,144
"W3550","Server",4,305,2009,3.33,8,130,24
"X5470","Server",4,1467,2008,3.33,12,120,NA
"E3110","Server",2,179,2008,3,6,65,NA
"X3360","Server",4,287,2008,2.83,12,95,NA
"X5260","Server",2,NA,2007,3.33,6,80,NA
"","Server",1,NA,NA,2.8,2,110,NA
"5128","Server",2,NA,2006,1.86,4,40,NA
"L5320","Server",4,NA,2007,1.86,8,50,NA
"","Server",1,NA,NA,0.733,256,23.3,NA
"","Server",1,NA,NA,0.55,1,34,NA
"7130N","Server",2,NA,NA,3.16,8,150,NA
"","Server",1,NA,NA,2.66,512,72,NA
"","Server",1,NA,NA,1.5,256,59.2,NA
"7020","Server",2,1177,NA,2.66,2,165,NA
"5060","Server",2,NA,NA,3.2,4,130,NA
"","Server",1,NA,NA,3.16,1,110,NA
"","Server",1,NA,NA,3.5,1,110,NA
"X5687","Server",4,1663,2011,3.86,12,130,288
"","Server",1,NA,NA,0.45,2,46.7,NA
"LC3518","Embedded",1,221,2010,1.73,2,23,NA
"EC5549","Embedded",4,503,2010,2.93,8,85,NA
"X7542","Server",6,NA,2010,2.8,18,130,NA
"E6510","Server",4,NA,2010,1.73,12,105,NA
"X3460","Server",4,NA,2009,3.46,8,95,32
"W3565","Server",4,305,2009,3.46,8,130,24
"X5550","Server",4,NA,2009,3.06,8,95,144
"L7445","Server",4,NA,2008,2.13,12,50,NA
"X5270","Server",2,NA,2008,3.5,6,80,NA
"W-2195","Server",18,NA,2017,4.3,24.75,140,512
"X5472","Server",4,NA,2007,3,12,120,NA
"W-2155","Server",10,1440,2017,4.5,13.75,140,512
"W-2145","Server",8,1113,2017,4.5,11,140,512
"W-2135","Server",6,835,2017,4.5,8.25,140,512
"W-2133","Server",6,617,2017,3.9,8.25,140,512
"W-2125","Server",4,444,2017,4.5,8.25,120,512
"W-2123","Server",4,294,2017,3.9,8.25,120,512
"E7340","Server",4,NA,2007,2.4,8,80,NA
"L5335","Server",4,NA,2007,2,8,50,NA
"5133","Server",2,NA,NA,2.2,4,40,NA
"X3210","Server",4,NA,2007,2.13,8,105,NA
"5063","Server",2,369,NA,3.2,4,95,NA
"","Server",1,NA,NA,0.667,256,21.3,NA
"","Server",1,NA,NA,0.5,512,36,NA
"","Server",1,1100,NA,1.5,1,48,NA
"7140M","Server",2,NA,NA,3.4,16,150,NA
"","Server",1,NA,2002,2.4,512,65,NA
"7030","Server",2,1980,NA,2.8,2,165,NA
"","Server",1,NA,NA,3,8,129,NA
"","Server",1,NA,NA,2.8,1,103,NA
"W3690","Server",6,NA,2011,3.73,12,130,24
"X5690","Server",6,NA,2011,3.73,12,130,288
"","Server",1,NA,NA,0.4,512,30.8,NA
"LC3528","Embedded",2,326,2010,1.87,4,35,NA
"LC5518","Embedded",4,493,2010,2.13,8,48,NA
"X7550","Server",8,NA,2010,2.4,18,130,NA
"E6540","Server",6,NA,2010,2.27,18,105,NA
"X3470","Server",4,339,2009,3.6,8,95,32
"W3570","Server",4,1059,2009,3.46,8,130,24
"X5560","Server",4,NA,2009,3.2,8,95,144
"L7455","Server",6,NA,2008,2.13,12,65,NA
"L3014","Embedded",1,NA,2008,2.4,3,30,NA
"X3370","Server",4,339,2008,3,12,95,NA
"E3120","Server",2,NA,2008,3.16,6,65,NA
"X5272","Server",2,NA,2007,3.4,6,80,NA
"X5482","Server",4,NA,2007,3.2,12,150,NA
"L7345","Server",4,NA,2007,1.86,8,50,NA
"E7210","Server",2,NA,2007,2.4,8,80,NA
"5138","Server",2,494,2006,2.13,4,35,NA
"X5355","Server",4,NA,2006,2.66,8,120,NA
"X3220","Server",4,NA,2007,2.4,8,105,NA
"","Server",1,NA,NA,0.6,256,19.2,NA
"","Server",1,NA,NA,0.5,2,36.2,NA
"","Server",1,NA,NA,1.4,512,64,NA
"7140N","Server",2,NA,NA,3.33,16,150,NA
"","Server",1,NA,NA,2.4,1,77,NA
"7040","Server",2,3157,NA,3,4,165,NA
"5070","Server",2,NA,NA,3.46,4,130,NA
"","Server",1,NA,NA,0.4,512,18.6,NA
"X3480","Server",4,623,2010,3.73,8,95,32
"LC5528","Embedded",4,493,2010,2.53,8,60,NA
"X7560","Server",8,NA,2010,2.67,24,130,NA
"X6550","Server",8,NA,2010,2.4,18,130,NA
"X3380","Server",4,562,2009,3.16,12,95,NA
"W3580","Server",4,1059,2009,3.6,8,130,24
"X5570","Server",4,NA,2009,3.33,8,95,144
"X7460","Server",6,2837,2008,2.66,16,130,NA
"X5492","Server",4,NA,2008,3.4,12,150,NA
"L3110","Server",2,243,2009,3,6,45,NA
"X3230","Server",4,NA,2007,2.66,8,95,NA
"X7350","Server",4,NA,2007,2.93,8,130,NA
"E7220","Server",2,NA,2007,2.93,8,80,NA
"X5365","Server",4,NA,2007,3,8,150,NA
"7150N","Server",2,NA,NA,3.5,16,150,NA
"","Server",1,NA,NA,0.5,1,44,NA
"","Server",1,NA,NA,1,256,30.8,NA
"","Server",1,NA,2002,2,512,58,NA
"","Server",1,NA,NA,1.4,256,56,NA
"7041","Server",2,3157,NA,3,4,165,NA
"5148","Server",2,NA,2006,2.33,4,40,NA
"5080","Server",2,851,NA,3.73,4,130,NA
"","Server",1,NA,NA,2.83,4,129,NA
"5110P","Server",60,NA,2012,1.05,30,225,8
"5120D","Server",60,NA,2013,1.05,30,245,8
"7120X","Server",61,NA,2013,1.33,30.5,300,16
"7120P","Server",61,NA,2013,1.33,30.5,300,16
"7120D","Server",61,NA,2014,1.33,30.5,270,16
"7120A","Server",61,NA,2014,1.33,30.5,300,16
"7290","Server",72,3213,2016,1.7,36,245,384
"7250F","Server",68,2591,2016,1.6,34,230,384
"7250","Server",68,2436,2016,1.6,34,215,384
"7230F","Server",64,2147,2016,1.5,32,230,384
"7230","Server",64,1992,2016,1.5,32,215,384
"7210F","Server",64,2036,2016,1.5,32,230,384
"7210","Server",64,1881,2016,1.5,32,215,384
"9750","Server",4,3750,2017,2.53,32,170,NA
"9740","Server",8,2650,2017,2.13,24,170,NA
"9720","Server",4,1350,2017,1.73,20,130,NA
"9540","Server",8,2650,2012,2.13,24,170,NA
"9550","Server",4,3750,2012,2.4,32,170,NA
"9560","Server",8,4650,2012,2.53,32,170,NA
"E7-2803","Server",6,774,2011,1.73,18,105,1044.48
"E7-2850V2","Server",12,NA,2014,2.8,24,105,1576.96
"E7-4809V3","Server",8,1223,2015,2,20,115,1576.96
"E7-4809V4","Server",8,1223,2016,2.1,20,115,3143.68
"3104","Server",6,NA,2017,1.7,8.25,85,768
"365","Desktop",1,NA,2007,3.6,512,65,NA
"1000M","Mobile",2,75,2013,1.8,2,35,32
"2000E","Embedded",2,86,2014,2.2,2,37,32
"G2010","Desktop",2,64,2013,2.8,3,55,32
"D1507","Server",2,103,2015,1.2,3,20,128
"i7-2960XM","Mobile",4,NA,2011,3.7,8,55,32
"i3-4030Y","Mobile",2,281,2014,1.6,3,11.5,16
"i5-4670","Desktop",4,NA,2013,3.8,6,84,32
"i7-4578U","Mobile",2,426,2014,3.5,4,28,16
"5Y10","Mobile",2,NA,2014,2,4,4.5,16
"5Y10a","Mobile",2,NA,2014,2,4,4.5,16
"i5-5200U","Mobile",2,281,2015,2.7,3,15,16
"i5-5250U","Mobile",2,315,2015,2.7,3,15,16
"i5-5257U","Mobile",2,315,2015,3.1,3,28,16
"i5-5287U","Mobile",2,315,2015,3.3,3,28,16
"i5-5300U","Mobile",2,281,2015,2.9,3,15,16
"i5-5350H","Mobile",2,289,2015,3.5,4,47,32
"i5-5350U","Mobile",2,315,2015,2.9,3,15,16
"i5-5575R","Desktop",4,244,2015,3.3,4,65,32
"i5-5675C","Desktop",4,NA,2015,3.6,4,65,32
"i3-5005U","Mobile",2,275,2015,2,3,15,16
"i5-5675R","Desktop",4,265,2015,3.6,4,65,32
"i3-5010U","Mobile",2,281,2015,2.1,3,15,16
"i3-5015U","Mobile",2,275,2015,2.1,3,15,16
"i3-5020U","Mobile",2,281,2015,2.2,3,15,16
"i3-5157U","Mobile",2,315,2015,2.5,3,28,16
"5Y10c","Mobile",2,281,2014,2,4,4.5,16
"5Y31","Mobile",2,281,2014,2.4,4,4.5,16
"5Y51","Mobile",2,281,2014,2.6,4,4.5,16
"5Y70","Mobile",2,NA,2014,2.6,4,4.5,16
"5Y71","Mobile",2,281,2014,2.9,4,4.5,16
"i7-4558U","Mobile",2,426,2013,3.3,4,28,16
"i7-4550U","Mobile",2,426,2013,3,4,15,16
"i7-4510U","Mobile",2,393,2014,3.1,4,15,16
"i7-4500U","Mobile",2,393,2013,3,4,15,16
"i7-4650U","Mobile",2,426,2013,3.3,4,15,16
"i7-4610Y","Mobile",2,393,2013,2.9,4,11.5,16
"i7-4610M","Mobile",2,NA,2014,3.7,4,37,32
"i7-4600U","Mobile",2,393,2013,3.3,4,15,16
"i7-4600M","Mobile",2,346,2013,3.6,4,37,32
"i7-4790T","Desktop",4,303,2014,3.9,8,45,32
"i7-4790S","Desktop",4,NA,2014,4,8,65,32
"i7-4790","Desktop",4,NA,2014,4,8,84,32
"i7-4785T","Desktop",4,303,2014,3.2,8,35,32
"i7-4771","Desktop",4,NA,2013,3.9,8,84,32
"i7-4770TE","Embedded",4,303,2013,3.3,8,45,32
"i7-4770T","Desktop",4,303,2013,3.7,8,45,32
"i7-4770S","Desktop",4,NA,2013,3.9,8,65,32
"i7-4770R","Desktop",4,358,2013,3.9,6,65,32
"i7-4770","Desktop",4,NA,2013,3.9,8,84,32
"i7-4765T","Desktop",4,303,2013,3,8,35,32
"i7-4770K","Desktop",4,NA,2013,3.9,8,84,32
"i7-4790K","Desktop",4,NA,2014,4.4,8,88,32
"i7-4770HQ","Mobile",4,434,2014,3.4,6,47,32
"i7-4760HQ","Mobile",4,434,2014,3.3,6,47,32
"i7-4750HQ","Mobile",4,434,2013,3.2,6,47,32
"i7-4722HQ","Mobile",4,378,2015,3.4,6,37,32
"i7-4720HQ","Mobile",4,378,2015,3.6,6,47,32
"i7-4712MQ","Mobile",4,378,2014,3.3,6,37,32
"i7-4712HQ","Mobile",4,378,2014,3.3,6,37,32
"i7-4710MQ","Mobile",4,378,2014,3.5,6,47,32
"i7-4710HQ","Mobile",4,378,2014,3.5,6,47,32
"i7-4702MQ","Mobile",4,378,2013,3.2,6,37,32
"i7-4702HQ","Mobile",4,NA,2013,3.2,6,37,32
"i7-4702EC","Embedded",4,459,2014,2,8,27,32
"i7-4700HQ","Mobile",4,378,2013,3.4,6,47,32
"i7-4700MQ","Mobile",4,378,2013,3.4,6,47,32
"i7-4700EQ","Embedded",4,378,2013,3.4,6,47,32
"i7-4700EC","Embedded",4,459,2014,2.7,8,43,32
"i7-4870HQ","Mobile",4,434,2014,3.7,6,47,32
"i7-4860HQ","Mobile",4,434,2014,3.6,6,47,32
"i7-4850HQ","Mobile",4,434,2013,3.5,6,47,32
"i7-4810MQ","Mobile",4,378,2014,3.8,6,47,32
"i7-4800MQ","Mobile",4,380,2013,3.7,6,47,32
"i7-4980HQ","Mobile",4,623,2014,4,6,47,32
"i7-4960HQ","Mobile",4,623,2013,3.8,6,47,32
"i7-4950HQ","Mobile",4,623,2013,3.6,6,47,32
"i7-4910MQ","Mobile",4,NA,2014,3.9,8,47,32
"i7-4900MQ","Mobile",4,570,2013,3.8,8,47,32
"i5-4288U","Mobile",2,315,2013,3.1,3,28,16
"i5-4278U","Mobile",2,315,2014,3.1,3,28,16
"i5-4260U","Mobile",2,315,2014,2.7,3,15,16
"i5-4258U","Mobile",2,315,2013,2.9,3,28,16
"i5-4250U","Mobile",2,315,2013,2.6,3,15,16
"i5-4220Y","Mobile",2,281,2014,2,3,11.5,16
"i5-4210Y","Mobile",2,281,2013,1.9,3,11.5,16
"i5-4210U","Mobile",2,281,2014,2.7,3,15,16
"i5-4210M","Mobile",2,225,2014,3.2,3,37,32
"i5-4210H","Mobile",2,225,2014,3.5,3,47,32
"i5-4202Y","Mobile",2,281,2013,2,3,11.5,16
"i5-4200Y","Mobile",2,281,2013,1.9,3,11.5,16
"i5-4200U","Mobile",2,281,2013,2.6,3,15,16
"i5-4200M","Mobile",2,225,2013,3.1,3,37,32
"i5-4360U","Mobile",2,NA,2014,3,3,15,16
"i5-4200H","Mobile",2,225,2013,3.4,3,47,32
"i5-4350U","Mobile",2,315,2013,2.9,3,15,16
"i5-4340M","Mobile",2,266,2014,3.6,3,37,32
"i5-4330M","Mobile",2,266,2013,3.5,3,37,32
"i5-4310U","Mobile",2,281,2014,3,3,15,16
"i5-4310M","Mobile",2,NA,2014,3.4,3,37,32
"i5-4308U","Mobile",2,315,2014,3.3,3,28,16
"i5-4302Y","Mobile",2,NA,2013,2.3,3,11.5,16
"i5-4300Y","Mobile",2,281,2013,2.3,3,11.5,16
"i5-4300U","Mobile",2,281,2013,2.9,3,15,16
"i5-4300M","Mobile",2,NA,2013,3.3,3,37,32
"i5-4430","Desktop",4,NA,2013,3.2,6,84,32
"i5-4440","Desktop",4,NA,2013,3.3,6,84,32
"i5-4440S","Desktop",4,NA,2013,3.3,6,65,32
"i5-4430S","Desktop",4,182,2013,3.2,6,65,32
"i5-4460","Desktop",4,NA,2014,3.4,6,84,32
"i5-4460S","Desktop",4,182,2014,3.4,6,65,32
"i5-4460T","Desktop",4,182,2014,2.7,6,35,32
"i5-4400E","Embedded",2,266,2013,3.3,3,37,16
"i5-4402E","Embedded",2,266,2013,2.7,3,25,16
"i5-4402EC","Embedded",2,324,2014,2.5,4,27,32
"i5-4410E","Embedded",2,266,2014,2.9,3,37,16
"i5-4422E","Embedded",2,266,2014,2.9,3,25,16
"i5-4590T","Desktop",4,192,2014,3,6,35,32
"i5-4590S","Desktop",4,NA,2014,3.7,6,65,32
"i5-4590","Desktop",4,NA,2014,3.7,6,84,32
"i5-4570TE","Embedded",2,192,2013,3.3,4,35,32
"i5-4570T","Desktop",2,NA,2013,3.6,4,35,32
"i5-4570S","Desktop",4,NA,2013,3.6,6,65,32
"i5-4570R","Desktop",4,255,2013,3.2,4,65,32
"i5-4570","Desktop",4,NA,2013,3.6,6,84,32
"i5-4690T","Desktop",4,213,2014,3.5,6,45,32
"i5-4690S","Desktop",4,NA,2014,3.9,6,65,32
"i5-4690K","Desktop",4,NA,2014,3.9,6,88,32
"i5-4690","Desktop",4,NA,2014,3.9,6,84,32
"i5-4670T","Desktop",4,213,2013,3.3,6,45,32
"i5-4670R","Desktop",4,276,2013,3.7,4,65,32
"i5-4670S","Desktop",4,213,2013,3.8,6,65,32
"i5-4670K","Desktop",4,NA,2013,3.8,6,84,32
"SU3500","Mobile",1,NA,2009,1.3,3,5.5,NA
"T1250","Mobile",1,NA,NA,1.73,2,31,NA
"T1300","Mobile",1,NA,NA,1.66,2,27,NA
"T1350","Mobile",1,NA,NA,1.86,2,31,NA
"T1400","Mobile",1,NA,NA,1.83,2,27,NA
"U1300","Mobile",1,NA,NA,1.06,2,6,NA
"U1400","Mobile",1,NA,NA,1.2,2,6,NA
"U1500","Mobile",1,NA,NA,1.33,2,5.5,NA
"U2100","Mobile",1,NA,2007,1.06,1,5.5,NA
"U2200","Mobile",1,NA,2007,1.2,1,5.5,NA
"SU3500","Mobile",1,NA,2009,1.4,3,5.5,NA
"SU3300","Mobile",1,NA,2008,1.2,3,5.5,NA
"U2400","Mobile",2,NA,NA,1.06,2,9,NA
"U2500","Mobile",2,NA,2006,1.2,2,9,NA
"U7500","Mobile",2,NA,2006,1.06,2,10,NA
"U7500","Mobile",2,NA,2006,1.06,2,10,NA
"U7600","Mobile",2,NA,2007,1.2,2,10,NA
"U7600","Mobile",2,NA,NA,1.2,2,10,NA
"U7700","Mobile",2,NA,2008,1.33,2,10,NA
"T2050","Mobile",2,NA,NA,1.6,2,31,NA
"T2250","Mobile",2,NA,NA,1.73,2,31,NA
"T2300","Mobile",2,NA,NA,1.66,2,31,NA
"T2300E","Mobile",2,NA,NA,1.66,2,31,NA
"T2350","Mobile",2,NA,NA,1.86,2,31,NA
"T2400","Mobile",2,NA,NA,1.83,2,31,NA
"T2450","Mobile",2,NA,NA,2,2,31,NA
"T2500","Mobile",2,NA,2006,2,2,31,NA
"T2600","Mobile",2,NA,NA,2.16,2,31,NA
"T5200","Mobile",2,NA,NA,1.6,2,34,NA
"T2700","Mobile",2,NA,NA,2.33,2,31,NA
"T5250","Mobile",2,NA,NA,1.5,2,35,NA
"T5270","Mobile",2,NA,NA,1.4,2,35,NA
"T5300","Mobile",2,NA,NA,1.73,2,34,NA
"T5450","Mobile",2,NA,NA,1.66,2,35,NA
"T5470","Mobile",2,NA,NA,1.6,2,35,NA
"T5500","Mobile",2,NA,NA,1.66,2,34,NA
"T5550","Mobile",2,NA,NA,1.83,2,35,NA
"T5600","Mobile",2,NA,NA,1.83,2,34,NA
"T5670","Mobile",2,NA,2008,1.8,2,35,NA
"T5750","Mobile",2,NA,2008,2,2,35,NA
"T5800","Mobile",2,NA,2008,2,2,35,NA
"T5870","Mobile",2,NA,NA,2,2,35,NA
"T6400","Mobile",2,NA,2009,2,2,35,NA
"T6500","Mobile",2,NA,2009,2.1,2,35,NA
"T6600","Mobile",2,NA,2009,2.2,2,35,NA
"T6670","Mobile",2,NA,2009,2.2,2,35,NA
"i3-4030U","Mobile",2,281,2014,1.9,3,15,16
"i3-4025U","Mobile",2,275,2014,1.9,3,15,16
"i3-4020Y","Mobile",2,281,2013,1.5,3,11.5,16
"i3-4012Y","Mobile",2,281,2013,1.5,3,11.5,16
"i3-4010Y","Mobile",2,281,2013,1.3,3,11.5,16
"i3-4010U","Mobile",2,281,2013,1.7,3,15,16
"i3-4005U","Mobile",2,275,2013,1.7,3,15,16
"i3-4000M","Mobile",2,225,2013,2.4,3,37,32
"i3-4130","Desktop",2,117,2013,3.4,3,54,32
"T7100","Mobile",2,NA,2007,1.8,2,35,NA
"i3-4130T","Desktop",2,117,2013,2.9,3,35,32
"T7200","Mobile",2,NA,NA,2,4,34,NA
"T7250","Mobile",2,NA,2007,2,2,35,NA
"T7300","Mobile",2,NA,2007,2,4,35,NA
"T7400","Mobile",2,213,2006,2.16,4,34,NA
"T7500","Mobile",2,NA,2006,2.2,4,35,NA
"T7600","Mobile",2,NA,2007,2.33,4,34,NA
"T7700","Mobile",2,NA,2007,2.4,4,35,NA
"T8100","Mobile",2,NA,2008,2.1,3,35,NA
"T8300","Mobile",2,NA,2008,2.4,3,35,NA
"T7800","Mobile",2,NA,2007,2.6,4,35,NA
"T9300","Mobile",2,NA,2008,2.5,6,35,NA
"T9400","Mobile",2,NA,2008,2.53,6,35,NA
"T9500","Mobile",2,NA,2008,2.6,6,35,NA
"T9550","Mobile",2,NA,2008,2.66,6,35,NA
"T9600","Mobile",2,NA,2008,2.8,6,35,NA
"T9800","Mobile",2,NA,2008,2.93,6,35,NA
"T9900","Mobile",2,NA,2009,3.06,6,35,NA
"SU9300","Mobile",2,245,2008,1.2,3,10,NA
"SU9400","Mobile",2,NA,2008,1.4,3,10,NA
"SU9600","Mobile",2,NA,2009,1.6,3,10,NA
"SP9300","Mobile",2,247,2008,2.26,6,25,NA
"SP9400","Mobile",2,NA,2008,2.4,6,25,NA
"SP9600","Mobile",2,NA,2009,2.53,6,25,NA
"i3-4150","Desktop",2,117,2014,3.5,3,54,32
"i3-4150T","Desktop",2,117,2014,3,3,35,32
"i3-4160","Desktop",2,117,2014,3.6,3,54,32
"i3-4160T","Desktop",2,117,2014,3.1,3,35,32
"i3-4170","Desktop",2,117,2015,3.7,3,54,32
"i3-4170T","Desktop",2,117,2015,3.2,3,35,32
"i3-4158U","Mobile",2,315,2013,2,3,28,16
"i3-4120U","Mobile",2,281,2014,2,3,15,16
"i3-4112E","Embedded",2,225,2014,1.8,3,25,32
"i3-4110M","Mobile",2,225,2014,2.6,3,37,32
"i3-4110E","Embedded",2,225,2014,2.6,3,37,32
"i3-4102E","Embedded",2,225,2013,1.6,3,25,16
"i3-4100M","Mobile",2,225,2013,2.5,3,37,32
"i3-4100U","Mobile",2,281,2013,1.8,3,15,16
"i3-4100E","Embedded",2,225,2013,2.4,3,37,16
"i3-4370T","Desktop",2,138,2015,3.3,4,35,32
"i3-4370","Desktop",2,NA,2014,3.8,4,54,32
"i3-4360T","Desktop",2,138,2014,3.2,4,35,32
"i3-4360","Desktop",2,NA,2014,3.7,4,54,32
"i3-4350T","Desktop",2,138,2014,3.1,4,35,32
"i3-4350","Desktop",2,NA,2014,3.6,4,54,32
"i3-4340","Desktop",2,NA,2013,3.6,4,54,32
"i3-4330TE","Embedded",2,122,2013,2.4,4,35,32
"i3-4340TE","Embedded",2,138,2014,2.6,4,35,32
"i3-4330T","Desktop",2,138,2013,3,4,35,32
"SL9380","Mobile",2,247,2008,1.8,6,17,NA
"SL9400","Mobile",2,247,2008,1.86,6,17,NA
"SL9600","Mobile",2,NA,2009,2.13,6,17,NA
"SL9300","Mobile",2,NA,2008,1.6,6,17,NA
"P7350","Mobile",2,NA,2008,2,3,25,NA
"P7370","Mobile",2,NA,2008,2,3,25,NA
"P7450","Mobile",2,NA,2009,2.13,3,25,NA
"P7550","Mobile",2,NA,2009,2.26,3,25,NA
"P7570","Mobile",2,NA,2009,2.26,3,25,NA
"P8400","Mobile",2,NA,2008,2.26,3,25,NA
"P8600","Mobile",2,211,2008,2.4,3,25,NA
"P8700","Mobile",2,NA,2008,2.53,3,25,NA
"P8800","Mobile",2,253,2009,2.66,3,25,NA
"P9500","Mobile",2,364,2008,2.53,6,25,NA
"P9600","Mobile",2,NA,2008,2.66,6,25,NA
"P9700","Mobile",2,NA,2009,2.8,6,28,NA
"L2500","Mobile",2,NA,NA,1.83,2,15,NA
"L2300","Mobile",2,NA,NA,1.5,2,15,NA
"L2400","Mobile",2,NA,2006,1.66,2,15,NA
"L7200","Mobile",2,NA,2007,1.33,4,17,NA
"L7300","Mobile",2,NA,2007,1.4,4,17,NA
"L7400","Mobile",2,NA,2006,1.5,4,17,NA
"L7500","Mobile",2,NA,2006,1.6,4,17,NA
"L7700","Mobile",2,NA,2007,1.8,4,17,NA
"E4300","Desktop",2,NA,2006,1.8,2,65,NA
"i3-4330","Desktop",2,NA,2013,3.5,4,54,32
"E4400","Desktop",2,NA,2007,2,2,65,NA
"E4500","Desktop",2,NA,2007,2.2,2,65,NA
"E4600","Desktop",2,NA,2007,2.4,2,65,NA
"E4700","Desktop",2,NA,2008,2.6,2,65,NA
"E6300","Desktop",2,NA,2006,1.86,2,65,NA
"E6400","Desktop",2,NA,2006,2.13,2,65,NA
"E6320","Desktop",2,NA,2007,1.86,4,65,NA
"E6420","Desktop",2,NA,2007,2.13,4,65,NA
"E6540","Desktop",2,NA,2007,2.33,4,65,NA
"E6550","Desktop",2,NA,2007,2.33,4,65,NA
"E6600","Desktop",2,NA,2006,2.4,4,65,NA
"E6700","Desktop",2,NA,2006,2.66,4,65,NA
"E6750","Desktop",2,NA,2007,2.66,4,65,NA
"E6850","Desktop",2,NA,2007,3,4,65,NA
"E7200","Desktop",2,NA,2008,2.53,3,65,NA
"E7300","Desktop",2,117,2008,2.66,3,65,NA
"E7400","Desktop",2,NA,2008,2.8,3,65,NA
"E7500","Desktop",2,125,2009,2.93,3,65,NA
"E7600","Desktop",2,147,2009,3.06,3,65,NA
"E8190","Desktop",2,NA,2008,2.66,6,65,NA
"E8200","Desktop",2,NA,2008,2.66,6,65,NA
"E8300","Desktop",2,NA,2008,2.83,6,65,NA
"E8400","Desktop",2,NA,2008,3,6,65,NA
"E8500","Desktop",2,200,2008,3.16,6,65,NA
"E8600","Desktop",2,285,2008,3.33,6,65,NA
"Q6600","Desktop",4,NA,2007,2.4,8,105,NA
"Q6700","Desktop",4,NA,2007,2.66,8,105,NA
"Q8200","Desktop",4,179,2008,2.33,4,95,NA
"Q8200S","Desktop",4,232,2009,2.33,4,65,NA
"Q8300","Desktop",4,179,2008,2.5,4,95,NA
"Q8400","Desktop",4,179,2009,2.66,4,95,NA
"Q8400S","Desktop",4,232,2009,2.66,4,65,NA
"Q9000","Mobile",4,364,2009,2,6,45,NA
"Q9100","Mobile",4,NA,2008,2.26,12,45,NA
"Q9300","Desktop",4,200,2008,2.5,6,95,NA
"Q9400","Desktop",4,NA,2008,2.66,6,95,NA
"Q9400S","Desktop",4,254,2009,2.66,6,65,NA
"Q9450","Desktop",4,NA,2008,2.66,12,95,NA
"Q9500","Desktop",4,NA,NA,2.83,6,95,NA
"Q9505","Desktop",4,234,2009,2.83,6,95,NA
"Q9505S","Desktop",4,NA,2009,2.83,6,65,NA
"Q9550","Desktop",4,287,2008,2.83,12,95,NA
"Q9550S","Desktop",4,340,2009,2.83,12,65,NA
"Q9650","Desktop",4,339,2008,3,12,95,NA
"i3-330E","Mobile",2,138,2010,2.13,3,35,8.79
"i3-330M","Mobile",2,177,2010,2.13,3,35,8
"i3-330UM","Mobile",2,NA,2010,1.2,3,18,8
"i3-350M","Mobile",2,NA,2010,2.26,3,35,8
"i3-370M","Mobile",2,NA,2010,2.4,3,35,8
"i3-380M","Mobile",2,NA,2010,2.53,3,35,8
"i3-380UM","Mobile",2,NA,2010,1.33,3,18,8
"i3-530","Desktop",2,117,2010,2.93,4,73,16.38
"i3-540","Desktop",2,NA,2010,3.06,4,73,16.38
"i3-550","Desktop",2,117,2010,3.2,4,73,16.38
"i5-430M","Mobile",2,NA,2010,2.53,3,35,8
"i5-430UM","Mobile",2,NA,2010,1.73,3,18,8
"i5-450M","Mobile",2,NA,2010,2.66,3,35,8
"i5-460M","Mobile",2,NA,2010,2.8,3,35,8
"i5-470UM","Mobile",2,NA,2010,1.86,3,18,8
"i5-520E","Embedded",2,210,2010,2.93,3,35,8.79
"i5-520M","Mobile",2,NA,2010,2.93,3,35,8.3
"i5-520UM","Mobile",2,NA,2010,1.87,3,18,8
"i5-540M","Mobile",2,269,2010,3.07,3,35,8
"i5-540UM","Mobile",2,NA,2010,2,3,18,8
"i5-560M","Mobile",2,NA,2010,3.2,3,35,8
"i5-560UM","Mobile",2,NA,2010,2.13,3,18,8
"i5-580M","Mobile",2,NA,2010,3.33,3,35,8
"i5-650","Desktop",2,177,2010,3.46,4,73,16.38
"i5-655K","Desktop",2,177,2010,3.46,4,73,16.38
"i5-660","Desktop",2,NA,2010,3.6,4,73,16.38
"i5-661","Desktop",2,177,2010,3.6,4,87,16.38
"i5-670","Desktop",2,305,2010,3.73,4,73,16.6
"i5-750","Desktop",4,NA,2009,3.2,8,95,16
"i5-750S","Desktop",4,279,2010,3.2,8,82,16
"i5-760","Desktop",4,213,2010,3.33,8,95,16
"i7-620LE","Embedded",2,247,2010,2.8,4,25,8.79
"i7-620LM","Mobile",2,NA,2010,2.8,4,25,8
"i7-620M","Mobile",2,250,2010,3.33,4,35,8
"i7-620UE","Embedded",2,248,2010,2.13,4,18,8.79
"i7-620UM","Mobile",2,NA,2010,2.13,4,18,8
"i7-640LM","Mobile",2,NA,2010,2.93,4,25,8
"i7-640M","Mobile",2,NA,2010,3.46,4,35,8
"i7-640UM","Mobile",2,NA,2010,2.27,4,18,8
"i7-660LM","Mobile",2,NA,2010,3.06,4,25,8
"i7-660UE","Mobile",2,248,2010,2.4,4,18,8.79
"i7-660UM","Mobile",2,NA,2010,2.4,4,18,8
"i7-680UM","Mobile",2,NA,2010,2.53,4,18,8
"i7-740QM","Mobile",4,380,2010,2.93,6,45,8
"i7-840QM","Mobile",4,570,2010,3.2,8,45,8
"i7-860S","Desktop",4,362,2010,3.46,8,82,16
"i7-870","Desktop",4,305,2009,3.6,8,95,16
"i7-870S","Desktop",4,NA,2010,3.6,8,82,16
"i7-875K","Desktop",4,353,2010,3.6,8,95,16
"i7-880","Desktop",4,NA,2010,3.73,8,95,16
"i7-930","Desktop",4,305,2010,3.06,8,130,24
"i7-940","Desktop",4,555,2008,3.2,8,130,24
"i7-950","Desktop",4,305,2009,3.33,8,130,24
"i7-960","Desktop",4,305,2009,3.46,8,130,24
"i7-970","Desktop",6,594,2010,3.46,12,130,24
"i7-980","Desktop",6,594,2011,3.6,12,130,24
"i3-560","Desktop",2,117,2010,3.33,4,73,16.38
"i5-480M","Mobile",2,NA,2011,2.93,3,35,8
"i3-390M","Mobile",2,NA,2011,2.66,3,35,8
"i5-680","Desktop",2,305,2010,3.86,4,73,16.6
"i7-610E","Mobile",2,232,2010,3.2,4,35,8.79
"i7-720QM","Mobile",4,380,2009,2.8,6,45,8
"i7-820QM","Mobile",4,NA,2009,3.06,8,45,8
"i7-860","Desktop",4,NA,2009,3.46,8,95,16
"i7-920","Desktop",4,305,2008,2.93,8,130,24
"i3-2100","Desktop",2,120,2011,3.1,3,65,32
"i3-2100T","Desktop",2,132,2011,2.5,3,35,32
"i3-2105","Desktop",2,134,2011,3.1,3,65,32
"i3-2102","Desktop",2,NA,2011,3.1,3,65,32
"i3-2115C","Embedded",2,293,2012,2,3,25,32
"i3-2120","Desktop",2,NA,2011,3.3,3,65,32
"i3-2120T","Desktop",2,121,2011,2.6,3,35,32
"i3-2125","Desktop",2,NA,2011,3.3,3,65,32
"i3-2130","Desktop",2,117,2011,3.4,3,65,32
"i3-2310M","Mobile",2,NA,2011,2.1,3,35,16
"i3-2310E","Embedded",2,187,2011,2.1,3,35,16.6
"i3-2312M","Mobile",2,NA,2011,2.1,3,35,16
"i3-2328M","Mobile",2,NA,2012,2.2,3,35,16
"i3-2330M","Mobile",2,NA,2011,2.2,3,35,16
"i3-2330E","Mobile",2,187,2011,2.2,3,35,16.6
"i3-2340UE","Embedded",2,209,2011,1.3,3,17,16.6
"i3-2348M","Mobile",2,NA,2013,2.3,3,35,16
"i3-2350M","Mobile",2,NA,2011,2.3,3,35,16
"i3-2357M","Mobile",2,NA,2011,1.3,3,17,16
"i3-2365M","Mobile",2,NA,2012,1.4,3,17,16
"i3-2367M","Mobile",2,250,2011,1.4,3,17,16
"i3-2370M","Mobile",2,NA,2012,2.4,3,35,16
"i3-2375M","Mobile",2,NA,2013,1.5,3,17,16
"i3-2377M","Mobile",2,NA,2012,1.5,3,17,16
"i5-2300","Desktop",4,187,2011,3.1,6,95,32
"i5-2310","Desktop",4,NA,2011,3.2,6,95,32
"i5-2320","Desktop",4,177,2011,3.3,6,95,32
"i5-2380P","Desktop",4,187,2012,3.4,6,95,32
"i5-2390T","Desktop",2,NA,2011,3.5,3,35,32
"i5-2400","Desktop",4,174,2011,3.4,6,95,32
"i5-2400S","Desktop",4,NA,2011,3.3,6,65,32
"i5-2405S","Desktop",4,NA,2011,3.3,6,65,32
"i5-2410M","Mobile",2,NA,2011,2.9,3,35,16
"i5-2430M","Mobile",2,NA,2011,3,3,35,16
"i5-2450M","Mobile",2,NA,2012,3.1,3,35,16
"i5-2435M","Mobile",2,NA,2011,3,3,35,16
"i5-2450P","Desktop",4,205,2012,3.5,6,95,32
"i5-2467M","Mobile",2,NA,2011,2.3,3,17,8.01
"i5-2500","Desktop",4,NA,2011,3.7,6,95,32
"i5-2500K","Desktop",4,NA,2011,3.7,6,95,32
"i5-2500S","Desktop",4,NA,2011,3.7,6,65,32
"i5-2500T","Desktop",4,NA,2011,3.3,6,45,32
"i5-2510E","Mobile",2,236,2011,3.1,3,35,16.6
"i5-2515E","Embedded",2,250,2011,3.1,3,35,16.6
"i5-2520M","Mobile",2,NA,2011,3.2,3,35,16
"i5-2540M","Mobile",2,269,2011,3.3,3,35,16
"i5-2537M","Mobile",2,NA,2011,2.3,3,17,8.01
"i5-2550K","Desktop",4,235,2012,3.8,6,95,32
"i7-2600","Desktop",4,261,2011,3.8,8,95,32
"i5-2557M","Mobile",2,NA,2011,2.7,3,17,8.01
"i7-2600K","Desktop",4,NA,2011,3.8,8,95,32
"i7-2600S","Desktop",4,NA,2011,3.8,8,65,32
"i7-2610UE","Embedded",2,280,2011,2.4,4,17,16.6
"i7-2617M","Mobile",2,NA,2011,2.6,4,17,8.01
"i7-2620M","Mobile",2,NA,2011,3.4,4,35,16
"i7-2630QM","Mobile",4,NA,2011,2.9,6,45,16
"i7-2629M","Mobile",2,NA,2011,3,4,25,8.01
"i7-2635QM","Mobile",4,NA,2011,2.9,6,45,16
"i7-2637M","Mobile",2,NA,2011,2.8,4,17,8.01
"i7-2640M","Mobile",2,NA,2011,3.5,4,35,16
"i7-2649M","Mobile",2,NA,2011,3.2,4,25,8.01
"i7-2655LE","Embedded",2,306,2011,2.9,4,25,16.6
"i7-2657M","Mobile",2,NA,2011,2.7,4,17,8.01
"i7-2675QM","Mobile",4,NA,2011,3.1,6,45,16
"i7-2670QM","Mobile",4,NA,2011,3.1,6,45,32
"i7-2677M","Mobile",2,NA,2011,2.9,4,17,8.01
"i7-2700K","Desktop",4,NA,2011,3.9,8,95,32
"i7-2715QE","Embedded",4,295,2011,3,6,45,16.6
"i7-2710QE","Mobile",4,295,2011,3,6,45,16.6
"i7-2720QM","Mobile",4,NA,2011,3.3,6,45,32
"i7-2760QM","Mobile",4,378,2011,3.5,6,45,32
"i7-2860QM","Mobile",4,568,2011,3.6,8,45,32
"i7-2820QM","Mobile",4,570,2011,3.4,8,45,32
"i3-3110M","Mobile",2,225,2012,2.4,3,35,32
"i3-3115C","Embedded",2,293,2013,2.5,4,25,32
"i3-3120M","Mobile",2,225,2012,2.5,3,35,32
"i3-3120ME","Embedded",2,199,2012,2.4,3,35,16
"i3-3130M","Mobile",2,NA,2013,2.6,3,35,32
"i3-3210","Desktop",2,117,2013,3.2,3,55,32
"i3-3217U","Mobile",2,225,2012,1.8,3,17,32
"i3-3217UE","Embedded",2,221,2012,1.6,3,17,16
"i3-3220","Desktop",2,NA,2012,3.3,3,55,32
"i3-3220T","Desktop",2,117,2012,2.8,3,35,32
"i3-3225","Desktop",2,134,2012,3.3,3,55,32
"i3-3227U","Mobile",2,225,2013,1.9,3,17,32
"i3-3240","Desktop",2,117,2012,3.4,3,55,32
"i3-3229Y","Mobile",2,NA,2013,1.4,3,13,32
"i3-3245","Desktop",2,NA,2013,3.4,3,55,32
"i3-3240T","Desktop",2,117,2012,2.9,3,35,32
"i3-3250","Desktop",2,117,2013,3.5,3,55,32
"i5-3210M","Mobile",2,225,2012,3.1,3,35,32
"i3-3250T","Desktop",2,117,2013,3,3,35,32
"i5-3230M","Mobile",2,NA,2013,3.2,3,35,32
"i5-3230M","Mobile",2,225,2013,3.2,3,35,32
"i5-3317U","Mobile",2,225,2012,2.6,3,17,32
"i5-3320M","Mobile",2,NA,2012,3.3,3,35,32
"i5-3210M","Mobile",2,225,2012,3.1,3,35,32
"i5-3330","Desktop",4,NA,2012,3.2,6,77,32
"i5-3330S","Desktop",4,182,2012,3.2,6,65,32
"i5-3337U","Mobile",2,225,2013,2.7,3,17,32
"i5-3339Y","Mobile",2,NA,2013,2,3,13,32
"i5-3340","Desktop",4,NA,2013,3.3,6,77,32
"i5-3340S","Desktop",4,NA,2013,3.3,6,65,32
"i5-3340M","Mobile",2,NA,2013,3.4,3,35,32
"i5-3350P","Desktop",4,177,2012,3.3,6,69,32.23
"i5-3360M","Mobile",2,NA,2012,3.5,3,35,32
"i5-3427U","Mobile",2,225,2012,2.8,3,17,32
"i5-3380M","Mobile",2,NA,2013,3.6,3,35,32
"i5-3437U","Mobile",2,NA,2013,2.9,3,17,32
"i5-3439Y","Mobile",2,NA,2013,2.3,3,13,32
"i5-3450","Desktop",4,195,2012,3.5,6,77,32
"i5-3450S","Desktop",4,NA,2012,3.5,6,65,32
"i5-3470","Desktop",4,NA,2012,3.6,6,77,32
"i5-3470S","Desktop",4,NA,2012,3.6,6,65,32
"i5-3470T","Desktop",2,184,2012,3.6,3,35,32
"i5-3475S","Desktop",4,201,2012,3.6,6,65,32
"i5-3550","Desktop",4,NA,2012,3.7,6,77,32
"i5-3550S","Desktop",4,197,2012,3.7,6,65,32
"i5-3570","Desktop",4,213,2012,3.8,6,77,32
"i5-3570K","Desktop",4,NA,2012,3.8,6,77,32
"i5-3570T","Desktop",4,205,2012,3.3,6,45,32
"i5-3570S","Desktop",4,205,2012,3.8,6,65,32
"i5-3610ME","Embedded",2,235,2012,3.3,3,35,16
"i7-3517U","Mobile",2,NA,2012,3,4,17,32
"i7-3520M","Mobile",2,346,2012,3.6,4,35,32
"i7-3517UE","Embedded",2,280,2012,2.8,4,17,16
"i7-3537U","Mobile",2,346,2013,3.1,4,17,32
"i7-3540M","Mobile",2,346,2013,3.7,4,35,32
"i7-3555LE","Embedded",2,306,2012,3.2,4,25,16
"i7-3610QE","Embedded",4,335,2012,3.3,6,45,32.23
"i7-3610QM","Mobile",4,378,2012,3.3,6,45,32
"i7-3612QM","Mobile",4,378,2012,3.1,6,35,32
"i7-3612QE","Embedded",4,363,2012,3.1,6,35,16.11
"i7-3612QM","Mobile",4,378,2012,3.1,6,35,32
"i7-3615QE","Embedded",4,335,2012,3.3,6,45,16.11
"i7-3615QM","Mobile",4,378,2012,3.3,6,45,32
"i7-3630QM","Mobile",4,378,2012,3.4,6,45,32
"i7-3632QM","Mobile",4,378,2012,3.2,6,35,32
"i7-3632QM","Mobile",4,NA,2012,3.2,6,35,32
"i7-3635QM","Mobile",4,NA,2012,3.4,6,45,32
"i7-3667U","Mobile",2,346,2012,3.2,4,17,32
"i7-3687U","Mobile",2,346,2013,3.3,4,17,32
"i7-3689Y","Mobile",2,NA,2013,2.6,4,13,32
"i7-3720QM","Mobile",4,378,2012,3.6,6,45,32
"i7-3770","Desktop",4,NA,2012,3.9,8,77,32
"i7-3740QM","Mobile",4,NA,2012,3.7,6,45,32
"i7-3770K","Desktop",4,NA,2012,3.9,8,77,32
"i7-3770S","Desktop",4,NA,2012,3.9,8,65,32
"i7-3770T","Desktop",4,294,2012,3.7,8,45,32
"i7-3820QM","Mobile",4,568,2012,3.7,8,45,32
"i7-3840QM","Mobile",4,568,2012,3.8,8,45,32
"QX6700","Desktop",4,NA,2006,2.66,8,130,NA
"QX6800","Desktop",4,NA,2007,2.93,8,130,NA
"QX6850","Desktop",4,NA,2007,3,8,130,NA
"QX9300","Mobile",4,NA,2008,2.53,12,45,NA
"QX9650","Desktop",4,NA,2007,3,12,130,NA
"QX9770","Desktop",4,NA,2008,3.2,12,136,NA
"QX9775","Desktop",4,NA,2008,3.2,12,150,NA
"X6800","Desktop",2,NA,2006,2.93,4,75,NA
"X7800","Mobile",2,NA,2007,2.6,4,44,NA
"X7900","Mobile",2,NA,2007,2.8,4,44,NA
"X9000","Mobile",2,NA,2008,2.8,6,44,NA
"X9100","Mobile",2,NA,2008,3.06,6,44,NA
"i7-920XM","Mobile",4,NA,2009,3.2,8,55,8
"i7-940XM","Mobile",4,NA,2010,3.33,8,55,8
"i7-965","Desktop",4,990,2008,3.46,8,130,24
"i7-975","Desktop",4,1059,2009,3.6,8,130,24
"i7-980X","Desktop",6,1059,2010,3.6,12,130,24
"i7-990X","Desktop",6,1059,2011,3.73,12,130,24
"i7-2920XM","Mobile",4,NA,2011,3.5,8,55,32
"D1508","Server",2,129,2015,2.6,3,25,128
"D1509","Server",2,156,2015,1.5,3,19,128
"D1517","Server",4,194,2015,2.2,6,25,128
"D1519","Server",4,200,2016,2.1,6,25,128
"G2020","Desktop",2,64,2013,2.9,3,55,32
"G2030","Desktop",2,64,2013,3,3,55,32
"G2020T","Desktop",2,64,2013,2.5,3,35,32
"G2030T","Desktop",2,64,2013,2.6,3,35,32
"G2100T","Desktop",2,NA,2012,2.6,3,35,32
"G2120","Desktop",2,NA,2012,3.1,3,55,32
"G2120T","Desktop",2,NA,2013,2.7,3,35,32
"G2130","Desktop",2,NA,2013,3.2,3,55,32
"G2140","Desktop",2,93,2013,3.3,3,55,32
"G4400TE","Embedded",2,64,2015,2.4,3,35,64
"G4400T","Desktop",2,64,2015,2.9,3,35,64
"G4400","Desktop",2,64,2015,3.3,3,54,64
"G4560","Desktop",2,64,2017,3.5,3,54,64
"G4520","Desktop",2,NA,2015,3.6,3,51,64
"G4500","Desktop",2,NA,2015,3.5,3,51,64
"G4500T","Desktop",2,75,2015,3,3,35,64
"G4560T","Desktop",2,64,2017,2.9,3,35,64
"G4620","Desktop",2,NA,2017,3.7,3,51,64
"G4600","Desktop",2,NA,2017,3.6,3,51,64
"G4600T","Desktop",2,75,2017,3,3,35,64
"G3220","Desktop",2,NA,2013,3,3,53,32
"G3240","Desktop",2,NA,2014,3.1,3,53,32
"G3220T","Desktop",2,64,2013,2.6,3,35,32
"G3240T","Desktop",2,64,2014,2.7,3,35,32
"G3250","Desktop",2,NA,2014,3.2,3,53,32
"G3258","Desktop",2,72,2014,3.2,3,53,32
"G3260","Desktop",2,64,2015,3.3,3,53,32
"G3250T","Desktop",2,64,2014,2.8,3,35,32
"G3260T","Desktop",2,64,2015,2.9,3,35,32
"G3320TE","Embedded",2,70,2013,2.3,3,35,32
"G3420","Desktop",2,NA,2013,3.2,3,53,32
"G3420T","Desktop",2,75,2013,2.7,3,35,32
"G3430","Desktop",2,NA,2013,3.3,3,53,32
"G3440","Desktop",2,NA,2014,3.3,3,53,32
"G3440T","Desktop",2,75,2014,2.8,3,35,32
"G3450","Desktop",2,NA,2014,3.4,3,53,32
"G3450T","Desktop",2,75,2014,2.9,3,35,32
"G3460","Desktop",2,NA,2014,3.5,3,53,32
"G3460T","Desktop",2,75,2015,3,3,35,32
"G3470","Desktop",2,86,2015,3.6,3,53,32
"2002E","Embedded",2,86,2014,1.5,2,25,32
"2950M","Mobile",2,75,2013,2,2,37,32
"2955U","Mobile",2,107,2013,1.4,2,15,16
"2957U","Mobile",2,107,2013,1.4,2,15,16
"2970M","Mobile",2,75,2014,2.2,2,37,32
"2961Y","Mobile",2,NA,2013,1.1,2,11.5,16
"2980U","Mobile",2,107,2013,1.6,2,15,16
"2981U","Mobile",2,NA,2013,1.6,2,15,16
"1005M","Mobile",2,75,2013,1.9,2,35,32
"1007U","Mobile",2,75,2013,1.5,2,17,32
"1017U","Mobile",2,75,2013,1.6,2,17,32
"1019Y","Mobile",2,NA,2013,1,2,10,32
"1020E","Embedded",2,76,2013,2.2,2,35,16
"1020M","Mobile",2,75,2013,2.1,2,35,32
"1037U","Mobile",2,NA,2013,1.8,2,17,32
"1047UE","Embedded",2,119,2013,1.4,2,17,16
"360","Desktop",1,NA,2006,3.46,512,65,NA
"356","Desktop",1,NA,2006,3.33,512,86,NA
"355","Desktop",1,NA,2005,3.33,256,84,NA
"352","Desktop",1,NA,2006,3.2,512,86,NA
"351","Desktop",1,NA,2005,3.2,256,84,NA
"350J","Desktop",1,NA,2005,3.2,256,73,NA
"350","Desktop",1,NA,2005,3.2,256,73,NA
"347","Desktop",1,NA,2006,3.06,512,86,NA
"346","Desktop",1,NA,NA,3.06,256,84,NA
"345J","Desktop",1,NA,2004,3.06,256,84,NA
"345","Desktop",1,NA,2004,3.06,256,73,NA
"341","Desktop",1,NA,2004,2.93,256,84,NA
"340J","Desktop",1,NA,2004,2.93,256,84,NA
"","Desktop",1,NA,NA,0.3,512,18.48,NA
"340","Desktop",1,NA,2004,2.93,256,73,NA
"336","Desktop",1,NA,NA,2.8,256,84,NA
"","Mobile",1,NA,2001,0.65,256,8.3,NA
"335J","Desktop",1,NA,2004,2.8,256,84,NA
"","Desktop",1,NA,NA,0.766,128,20,NA
"","Desktop",1,NA,NA,2.8,128,68.4,NA
"335","Desktop",1,NA,2004,2.8,256,73,NA
"","Mobile",1,NA,NA,0.933,128,20.6,NA
"","Desktop",1,NA,2000,0.733,128,23.6,NA
"","Desktop",1,NA,NA,2.7,128,66.8,NA
"383","Mobile",1,NA,NA,1,1,5.5,NA
"335","Desktop",1,NA,2004,2.8,256,73,NA
"","Mobile",1,NA,NA,0.4,128,6.5,NA
"","Desktop",1,NA,NA,0.95,128,28,NA
"","Desktop",1,NA,NA,0.7,128,18.3,NA
"","Desktop",1,NA,NA,2.6,128,62.6,NA
"373","Mobile",1,NA,2004,1,512,5.5,NA
"331","Desktop",1,NA,NA,2.66,256,84,NA
"807","Mobile",1,NA,2012,1.5,1.5,17,16
"B800","Mobile",2,NA,2011,1.5,2,35,16
"G530","Desktop",2,42,2011,2.4,2,65,32
"","Mobile",1,NA,NA,0.9,128,24,NA
"","Mobile",1,NA,NA,0.866,128,23.3,NA
"","Desktop",1,NA,NA,0.9,256,34.8,NA
"","Desktop",1,NA,NA,0.667,128,17.5,NA
"","Desktop",1,NA,2002,2.5,128,61,NA
"353","Mobile",1,NA,NA,0.9,512,5,NA
"330J","Desktop",1,NA,2004,2.66,256,84,NA
"807UE","Embedded",1,98,2011,1,1,10,4.88
"B810","Mobile",2,72,2011,1.6,2,35,16.6
"G530T","Desktop",2,NA,2011,2,2,35,32
"","Mobile",1,NA,NA,0.85,128,18.8,NA
"","Mobile",1,NA,NA,2.5,256,61,NA
"","Desktop",1,NA,NA,0.9,128,26.7,NA
"","Desktop",1,NA,NA,0.633,128,16.5,NA
"","Desktop",1,NA,NA,2.4,128,59.8,NA
"333","Mobile",1,NA,NA,0.9,512,7,NA
"330","Desktop",1,NA,2004,2.66,256,73,NA
"827E","Embedded",1,89,2011,1.4,1.5,17,16.6
"B810E","Embedded",2,72,2011,1.6,2,35,16.6
"G540","Desktop",2,NA,2011,2.5,2,65,32
"","Mobile",1,NA,NA,0.8,128,22,NA
"","Mobile",1,NA,NA,0.8,128,17.6,NA
"","Mobile",1,NA,2002,2.4,256,35,NA
"","Desktop",1,NA,2000,0.85,128,25.7,NA
"","Desktop",1,NA,NA,0.6,128,15.8,NA
"","Desktop",1,NA,NA,2.3,128,58.3,NA
"390","Mobile",1,NA,NA,1.7,1,21,NA
"330","Desktop",1,NA,2004,2.66,256,73,NA
"B815","Mobile",2,NA,2012,1.6,2,35,16
"847","Mobile",2,134,2011,1.1,2,17,16
"G540T","Desktop",2,NA,2012,2.1,2,35,32
"573","Mobile",1,NA,2006,1,512,10,NA
"","Mobile",1,NA,2003,0.6,512,7,NA
"","Mobile",1,NA,NA,0.75,128,15.8,NA
"","Mobile",1,NA,2002,2.2,256,35,NA
"","Desktop",1,NA,NA,0.8,128,20.8,NA
"","Desktop",1,NA,2000,0.566,128,19.2,NA
"","Desktop",1,NA,NA,2.2,128,57.1,NA
"380","Mobile",1,NA,NA,1.6,1,21,NA
"326","Desktop",1,NA,2004,2.53,256,84,NA
"B820","Mobile",2,NA,2012,1.7,2,35,16
"847E","Embedded",2,111,2011,1.1,2,17,16.6
"G550","Desktop",2,42,2012,2.6,2,65,32
"530","Mobile",1,NA,2007,1.73,1,27,NA
"443","Mobile",1,NA,NA,1.2,1,5.5,NA
"","Mobile",1,NA,NA,0.733,128,20.6,NA
"","Mobile",1,NA,NA,0.7,128,15,NA
"","Mobile",1,NA,NA,2,256,32,NA
"","Desktop",1,NA,NA,0.533,128,28.3,NA
"","Desktop",1,NA,NA,2.1,128,55.5,NA
"","Desktop",1,NA,NA,1.4,256,34.8,NA
"","Mobile",1,NA,NA,0.8,512,7,NA
"370","Mobile",1,NA,2004,1.5,1,21,NA
"325J","Desktop",1,NA,2004,2.53,256,84,NA
"B830","Mobile",2,NA,2012,1.8,2,35,16
"857","Mobile",2,NA,2011,1.2,2,17,16
"G550T","Desktop",2,NA,2012,2.2,2,35,32
"","Mobile",1,NA,NA,0.466,128,20.7,NA
"450","Desktop",1,NA,2008,2.2,512,35,NA
"523","Mobile",1,NA,2007,0.93,1,5.5,NA
"540","Mobile",1,NA,2007,1.86,1,30,NA
"","Mobile",1,NA,NA,0.65,128,14,NA
"","Mobile",1,NA,NA,1.8,256,66.1,NA
"","Mobile",1,NA,NA,1.33,256,19,NA
"","Desktop",1,NA,NA,0.5,128,27,NA
"","Desktop",1,NA,2002,2,128,52.8,NA
"","Desktop",1,NA,NA,1.3,256,33.4,NA
"423","Mobile",1,NA,2006,1.06,1,5.5,NA
"360","Mobile",1,NA,NA,1.4,1,21,NA
"326","Desktop",1,NA,2004,2.53,256,84,NA
"G555","Desktop",2,52,2012,2.7,2,65,32
"867","Mobile",2,NA,2012,1.3,2,17,16
"B840","Mobile",2,86,2011,1.9,2,35,16
"B710","Mobile",1,NA,2011,1.6,1.5,35,16
"G440","Desktop",1,NA,2011,1.6,1,35,32
"","Mobile",1,NA,NA,0.433,128,19.4,NA
"E3500","Desktop",2,52,2010,2.7,1,65,NA
"T1700","Mobile",2,NA,2008,1.83,1,35,NA
"550","Mobile",1,NA,2006,2,1,31,NA
"","Mobile",1,NA,NA,0.6,128,13,NA
"","Mobile",1,NA,NA,1.7,256,30,NA
"","Desktop",1,NA,2099,0.433,128,24.1,NA
"","Desktop",1,NA,NA,1.2,256,32.1,NA
"450","Mobile",1,NA,NA,2,1,27,NA
"350","Mobile",1,NA,NA,1.3,1,21,NA
"325","Desktop",1,NA,2004,2.53,256,73,NA
"877","Mobile",2,NA,2012,1.4,2,17,16
"B720","Mobile",1,NA,2012,1.7,1.5,35,16
"G460","Desktop",1,37,2011,1.8,1.5,35,32
"","Mobile",1,NA,NA,0.4,128,13.8,NA
"E3400","Desktop",2,42,2010,2.6,1,65,NA
"T3500","Mobile",2,NA,2010,2.1,1,35,NA
"T1600","Mobile",2,NA,2008,1.66,1,35,NA
"E1200","Desktop",2,NA,2008,1.6,512,65,NA
"560","Mobile",1,NA,2008,2.13,1,31,NA
"215","Mobile",1,NA,NA,1.33,512,27,NA
"","Mobile",1,NA,2004,1.6,256,30,NA
"","Desktop",1,NA,NA,0.4,128,23.7,NA
"","Mobile",1,NA,NA,1.2,256,24.4,NA
"","Desktop",1,NA,NA,1.8,128,66.1,NA
"","Desktop",1,NA,NA,1.1,256,28.9,NA
"440","Mobile",1,NA,2006,1.86,1,27,NA
"340","Mobile",1,NA,NA,1.5,512,24.5,NA
"320","Desktop",1,NA,2004,2.4,256,73,NA
"G465","Desktop",1,37,2012,1.9,1.5,35,32
"887","Mobile",2,NA,2012,1.5,2,17,16
"725C","Embedded",1,90,2012,1.3,1.5,10,16
"P4600","Mobile",2,NA,2010,2,2,35,8
"U3600","Mobile",2,134,2011,1.2,2,18,8
"","Mobile",1,NA,NA,0.366,128,13.1,NA
"T3300","Mobile",2,NA,2010,2,1,35,NA
"E3300","Desktop",2,47,2009,2.5,1,65,NA
"900","Mobile",1,NA,2009,2.2,1,35,NA
"743","Mobile",1,NA,2009,1.3,1,10,NA
"570","Mobile",1,NA,2008,2.26,1,31,NA
"E1400","Desktop",2,NA,2008,2,512,65,NA
"440","Desktop",1,NA,2006,2,512,35,NA
"","Mobile",1,NA,2004,1.5,256,30,NA
"","Desktop",1,NA,2099,0.366,128,21.7,NA
"","Mobile",1,NA,NA,1.13,256,23.8,NA
"","Desktop",1,NA,2002,1.7,128,63.5,NA
"430","Mobile",1,NA,NA,1.73,1,27,NA
"","Desktop",1,NA,NA,1.1,128,33,NA
"330","Mobile",1,NA,NA,1.4,512,24.5,NA
"315J","Desktop",1,NA,2004,2.26,256,73,NA
"G470","Desktop",1,37,2013,2,1.5,35,32
"787","Mobile",1,NA,2011,1.3,1.5,17,16
"925","Mobile",1,NA,2011,2.3,1,35,NA
"U3405","Mobile",2,105,2010,1.06,2,18,8
"","Mobile",1,NA,NA,0.3,128,11.8,NA
"320","Desktop",1,NA,NA,2.4,256,84,NA
"P4505","Mobile",2,68,2010,1.86,2,35,8
"E3200","Desktop",2,47,2009,2.4,1,65,NA
"723","Mobile",1,87,2008,1.2,1,10,NA
"575","Mobile",1,NA,2006,2,1,31,NA
"E1500","Desktop",2,47,2006,2.2,512,65,NA
"430","Desktop",1,37,2007,1.8,512,35,NA
"530","Mobile",1,NA,2006,1.73,1,30,NA
"","Desktop",1,NA,2007,1.83,1,27,NA
"","Mobile",1,NA,NA,0.45,128,15.5,NA
"","Mobile",1,NA,2004,1.4,256,30,NA
"","Mobile",1,NA,NA,1.06,256,23.2,NA
"","Desktop",1,NA,NA,0.333,128,19.7,NA
"","Desktop",1,NA,NA,1,256,27.8,NA
"420","Mobile",1,NA,NA,1.6,1,27,NA
"320","Mobile",1,NA,2003,1.3,512,24.5,NA
"315","Desktop",1,NA,2004,2.26,256,73,NA
"927UE","Embedded",1,95,2013,1.5,1,17,16
"797","Mobile",1,NA,2012,1.4,1.5,17,16
"763","Mobile",1,NA,2011,1.4,1,10,NA
"","Mobile",1,NA,NA,0.266,128,9.8,NA
"U3400","Mobile",2,NA,2010,1.06,2,18,8
"P1053","Embedded",1,153,2010,1.33,2,30,NA
"P4500","Mobile",2,68,2010,1.86,2,35,8
"SU2300","Mobile",2,NA,2009,1.2,1,10,NA
"T3100","Mobile",2,62,2008,1.9,1,35,NA
"722","Mobile",1,161,2008,1.2,1,5.5,NA
"585","Mobile",1,NA,2008,2.16,1,31,NA
"E1600","Desktop",2,58,2009,2.4,512,65,NA
"220","Desktop",1,NA,2007,1.2,512,19,NA
"","Desktop",1,NA,2006,1.66,1,27,NA
"420","Desktop",1,NA,2007,1.6,512,35,NA
"520","Mobile",1,NA,2007,1.6,1,30,NA
"","Mobile",1,NA,2002,1.2,256,20.8,NA
"","Mobile",1,NA,NA,1,256,22,NA
"","Desktop",1,NA,2099,0.3,128,17.8,NA
"","Desktop",1,NA,NA,1,128,29,NA
"410","Mobile",1,NA,NA,1.46,1,27,NA
"310","Mobile",1,NA,NA,1.2,512,24.5,NA
"310","Desktop",1,NA,2005,2.13,256,73,NA
"3106","Server",8,NA,2017,1.7,11,85,768
"4108","Server",8,NA,2017,3,11,85,768
"4109T","Server",8,501,2017,3,11,70,768
"4110","Server",8,NA,2017,3,11,85,768
"4112","Server",4,NA,2017,3,8.25,85,768
"4114T","Server",10,773,2017,3,13.75,85,768
"4114","Server",10,NA,2017,3,13.75,85,768
"4116","Server",12,NA,2017,3,16.5,85,768
"4116T","Server",12,NA,2017,3,16.5,85,768
"5115","Server",10,1221,2017,3.2,13.75,85,768
"5118","Server",12,1273,2017,3.2,16.5,105,768
"5119T","Server",14,NA,2017,3.2,19.25,85,768
"5120","Server",14,NA,2017,3.2,19.25,105,768
"5122","Server",4,NA,2017,3.7,16.5,105,768
"5120T","Server",14,1727,2017,3.2,19.25,105,768
"6126","Server",12,1776,2017,3.7,19.25,125,768
"6126F","Server",12,1931,2017,3.7,19.25,135,768
"6126T","Server",12,1865,2017,3.7,19.25,125,768
"6128","Server",6,NA,2017,3.7,19.25,115,768
"6130","Server",16,NA,2017,3.7,22,125,768
"6130F","Server",16,2049,2017,3.7,22,135,768
"6130T","Server",16,1988,2017,3.7,22,125,768
"6132","Server",14,2111,2017,3.7,19.25,140,768
"6134M","Server",8,5217,2017,3.7,24.75,130,1536
"6134","Server",8,NA,2017,3.7,24.75,130,768
"6136","Server",12,2460,2017,3.7,24.75,150,768
"6138","Server",20,NA,2017,3.7,27.5,125,768
"6138F","Server",20,2767,2017,3.7,27.5,135,768
"6138T","Server",20,2742,2017,3.7,27.5,125,768
"6140","Server",18,NA,2017,3.7,24.75,140,768
"6140M","Server",18,5448,2017,3.7,24.75,140,1536
"6142","Server",16,NA,2017,3.7,22,150,768
"6142M","Server",16,5949,2017,3.7,22,150,1536
"6144","Server",8,2925,2017,4.2,24.75,150,768
"6142F","Server",16,3101,2017,3.7,22,160,768
"6146","Server",12,3286,2017,4.2,24.75,165,768
"6148","Server",20,NA,2017,3.7,27.5,150,768
"6148F","Server",20,3227,2017,3.7,27.5,160,768
"6150","Server",18,3358,2017,3.7,24.75,165,768
"6152","Server",22,NA,2017,3.7,30.25,140,768
"6154","Server",18,3543,2017,3.7,24.75,200,768
"8153","Server",16,3115,2017,2.8,22,125,768
"8156","Server",4,7007,2017,3.7,16.5,105,768
"8158","Server",12,7007,2017,3.7,24.75,150,768
"8160","Server",24,NA,2017,3.7,33,150,768
"8160F","Server",24,4856,2017,3.7,33,160,768
"8160T","Server",24,4936,2017,3.7,33,150,768
"8160M","Server",24,7704,2017,3.7,33,150,1536
"8164","Server",26,NA,2017,3.7,35.75,150,768
"8168","Server",24,5890,2017,3.7,33,205,768
"8170","Server",26,NA,2017,3.7,35.75,165,768
"8170M","Server",26,10409,2017,3.7,35.75,165,1536
"8176","Server",28,8719,2017,3.8,38.5,165,768
"8176F","Server",28,NA,2017,3.8,38.5,173,768
"8176M","Server",28,11722,2017,3.8,38.5,165,1536
"8180","Server",28,10009,2017,3.8,38.5,205,768
"8180M","Server",28,13011,2017,3.8,38.5,205,1536
"E7-4830V4","Server",14,2170,2016,2.8,35,115,3143.68
"E7-4820V4","Server",10,1502,2016,2,25,115,3143.68
"E7-4850V4","Server",16,3003,2016,2.8,40,115,3143.68
"E7-8860V4","Server",18,4061,2016,3.2,45,140,3143.68
"E7-8867V4","Server",18,4672,2016,3.3,45,165,3143.68
"E7-8870V4","Server",20,4672,2016,3,50,140,3143.68
"E7-8880V4","Server",22,5895,2016,3.3,55,150,3143.68
"E7-8890V4","Server",24,7174,2016,3.4,60,165,3143.68
"E7-8891V4","Server",10,6841,2016,3.5,60,165,3143.68
"E7-8893V4","Server",4,6841,2016,3.5,60,140,3143.68
"E7-8894V4","Server",24,8898,2017,3.4,60,165,3143.68
"E7-4830V3","Server",12,2170,2015,2.7,30,115,1576.96
"E7-4820V3","Server",10,1502,2015,1.9,25,115,1576.96
"E7-4850V3","Server",14,3003,2015,2.8,35,115,1576.96
"E7-8860V3","Server",16,4061,2015,3.2,40,140,1576.96
"E7-8867V3","Server",16,4672,2015,3.3,45,165,1576.96
"E7-8870V3","Server",18,4672,2015,2.9,45,140,1576.96
"E7-8880V3","Server",18,5895,2015,3.1,45,150,1576.96
"E7-8880LV3","Server",18,6063,2015,2.8,45,115,1576.96
"E7-8890V3","Server",18,7174,2015,3.3,45,165,1576.96
"E7-8891V3","Server",10,6841,2015,3.5,45,165,1576.96
"E7-8893V3","Server",4,6841,2015,3.5,45,140,1576.96
"E7-2870V2","Server",15,4227,2014,2.9,30,130,1576.96
"E7-2880V2","Server",15,5339,2014,3.1,37.5,130,1576.96
"E7-2890V2","Server",15,6451,2014,3.4,37.5,155,1576.96
"E7-4809V2","Server",6,1223,2014,1.9,12,105,1576.96
"E7-4820V2","Server",8,1446,2014,2.5,16,105,1576.96
"E7-4830V2","Server",10,2059,2014,2.7,20,105,1576.96
"E7-4850V2","Server",12,2837,2014,2.8,24,105,1576.96
"E7-4860V2","Server",12,3838,2014,3.2,30,130,1576.96
"E7-4870V2","Server",15,4394,2014,2.9,30,130,1576.96
"E7-4880V2","Server",15,5506,2014,3.1,37.5,130,1576.96
"E7-4890V2","Server",15,6619,2014,3.4,37.5,155,1576.96
"E7-8893V2","Server",6,6841,2014,3.7,37.5,155,1576.96
"E7-8891V2","Server",10,6841,2014,3.7,37.5,155,1576.96
"E7-8890V2","Server",15,6841,2014,3.4,37.5,155,1576.96
"E7-8880LV2","Server",15,5729,2014,2.8,37.5,105,1576.96
"E7-8880V2","Server",15,5729,2014,3.1,37.5,130,1576.96
"E7-8870V2","Server",15,4616,2014,2.9,30,130,1576.96
"E7-8857V2","Server",12,3838,2014,3.6,30,130,1576.96
"E7-8850V2","Server",12,3059,2014,2.8,24,105,1576.96
"E7-2820","Server",8,1334,2011,2.27,18,105,1044.48
"E7-2830","Server",8,1779,2011,2.4,24,105,1044.48
"E7-2850","Server",10,2558,2011,2.4,24,130,1044.48
"E7-2860","Server",10,3670,2011,2.67,24,130,1044.48
"E7-2870","Server",10,4227,2011,2.8,30,130,1044.48
"E7-4807","Server",6,890,2011,1.86,18,95,2099.2
"E7-4820","Server",8,1446,2011,2.27,18,105,2099.2
"E7-4830","Server",8,2059,2011,2.4,24,105,2099.2
"E7-4850","Server",10,2837,2011,2.4,24,130,2099.2
"E7-4860","Server",10,3838,2011,2.67,24,130,2099.2
"E7-4870","Server",10,4394,2011,2.8,30,130,2099.2
"E7-8830","Server",8,2280,2011,2.4,24,105,4198.4
"E7-8837","Server",8,2280,2011,2.8,24,130,4198.4
"E7-8850","Server",10,3059,2011,2.4,24,130,4198.4
"E7-8860","Server",10,4061,2011,2.67,24,130,4198.4
"E7-8867L","Server",10,4172,2011,2.53,30,105,4198.4
"E7-8870","Server",10,4616,2011,2.8,30,130,4198.4
"i7-5600U","Mobile",2,393,2015,3.2,4,15,16
"i7-5650U","Mobile",2,426,2015,3.1,4,15,16
"i7-5775C","Desktop",4,NA,2015,3.7,6,65,32
"i7-5775R","Desktop",4,348,2015,3.8,6,65,32
"i7-5700HQ","Mobile",4,378,2015,3.5,6,47,32
"i7-5700EQ","Embedded",4,378,2015,3.4,6,47,32
"i7-5750HQ","Mobile",4,434,2015,3.4,6,47,32
"i7-5850EQ","Embedded",4,435,2015,3.4,6,47,32
"i7-5850HQ","Mobile",4,434,2015,3.6,6,47,32
"i7-5950HQ","Mobile",4,623,2015,3.8,6,47,32
"i7-5500U","Mobile",2,393,2015,3,4,15,16
"M3-6Y30","Mobile",2,281,2015,2.2,4,4.5,16
"i3-6098P","Desktop",2,117,2015,3.6,3,54,64
"i5-6287U","Mobile",2,304,2015,3.5,4,28,32
"i5-6267U","Mobile",2,304,2015,3.3,4,28,32
"M3-7Y30","Mobile",2,281,2016,2.6,4,4.5,16
"i3-7100H","Mobile",2,225,2017,3,3,35,64
"i3-7100U","Mobile",2,281,2016,2.4,3,15,32
"i3-7167U","Mobile",2,NA,2017,2.8,3,28,32
"i3-7100","Desktop",2,117,2017,3.9,3,51,64
"i3-7100E","Embedded",2,225,2017,2.9,3,35,64
"i3-7100T","Desktop",2,117,2017,3.4,3,35,64
"i3-7101TE","Desktop",2,117,2017,3.4,3,35,64
"i3-7101E","Desktop",2,117,2017,3.9,3,54,64
"i3-7102E","Embedded",2,225,2017,2.1,3,25,64
"i3-7130U","Mobile",2,NA,2017,2.7,3,15,32
"i3-7300T","Desktop",2,NA,2017,3.5,4,35,64
"i3-7300","Desktop",2,NA,2017,4,4,51,64
"i3-7320","Desktop",2,NA,2017,4.1,4,51,64
"i3-7350K","Desktop",2,NA,2017,4.2,4,60,64
"M3-7Y32","Mobile",2,281,2017,3,4,4.5,16
"i7-6500U","Mobile",2,393,2015,3.1,4,15,32
"i7-6560U","Mobile",2,NA,2015,3.2,4,15,32
"i7-6567U","Mobile",2,NA,2015,3.6,4,28,32
"i7-6600U","Mobile",2,393,2015,3.4,4,15,32
"i7-6650U","Mobile",2,415,2015,3.4,4,15,32
"i7-6660U","Mobile",2,415,2016,3.4,4,15,32
"i7-6700HQ","Mobile",4,378,2015,3.5,6,45,64
"i7-6770HQ","Mobile",4,434,2016,3.5,6,45,64
"i7-6700","Desktop",4,NA,2015,4,8,65,64
"i7-6700TE","Embedded",4,303,2015,3.4,8,35,64
"i7-6700T","Desktop",4,303,2015,3.6,8,35,64
"i7-6700K","Desktop",4,NA,2015,4.2,8,91,64
"i7-6785R","Desktop",4,NA,2016,3.9,8,65,64
"i7-6820EQ","Embedded",4,378,2015,3.5,8,45,64
"i7-6820HK","Mobile",4,378,2015,3.6,8,45,64
"i7-6820HQ","Mobile",4,378,2015,3.6,8,45,64
"i7-6822EQ","Embedded",4,378,2015,2.8,8,25,64
"i7-6870HQ","Mobile",4,434,2016,3.6,8,45,64
"i7-6920HQ","Mobile",4,568,2015,3.8,8,45,64
"i7-6970HQ","Mobile",4,623,2016,3.7,8,45,64
"i5-6260U","Mobile",2,304,2015,2.9,4,15,32
"i5-6200U","Mobile",2,281,2015,2.8,3,15,32
"i5-6300U","Mobile",2,281,2015,3,3,15,32
"i5-6300HQ","Mobile",4,250,2015,3.2,6,45,64
"i5-6350HQ","Mobile",4,306,2016,3.2,6,45,64
"i5-6360U","Mobile",2,304,2015,3.1,4,15,32
"i5-6442EQ","Embedded",4,250,2015,2.7,6,25,64
"i5-6440HQ","Mobile",4,250,2015,3.5,6,45,64
"i5-6440EQ","Embedded",4,250,2015,3.4,6,45,64
"i5-6400T","Desktop",4,182,2015,2.8,6,35,64
"i5-6400","Desktop",4,NA,2015,3.3,6,65,64
"i5-6402P","Desktop",4,NA,2015,3.4,6,65,64
"i5-6500TE","Embedded",4,192,2015,3.3,6,35,64
"i5-6500T","Desktop",4,192,2015,3.1,6,35,64
"i5-6500","Desktop",4,NA,2015,3.6,6,65,64
"i5-6585R","Desktop",4,NA,2016,3.6,6,65,64
"i5-6600T","Desktop",4,213,2015,3.5,6,35,64
"i5-6600K","Desktop",4,NA,2015,3.9,6,91,64
"i5-6685R","Desktop",4,NA,2016,3.8,6,65,64
"i5-6600","Desktop",4,NA,2015,3.9,6,65,64
"i3-6006U","Mobile",2,281,2016,2,3,15,32
"i3-6100TE","Embedded",2,117,2015,2.7,4,35,64
"i3-6100T","Desktop",2,117,2015,3.2,3,35,64
"i3-6100","Desktop",2,117,2015,3.7,3,51,64
"i3-6167U","Mobile",2,304,2015,2.7,3,28,32
"i3-6157U","Mobile",2,304,2016,2.4,3,28,32
"i3-6102E","Embedded",2,225,2015,1.9,3,25,64
"i3-6100U","Mobile",2,281,2015,2.3,3,15,32
"i3-6100H","Mobile",2,225,2015,2.7,3,35,64
"i3-6320","Desktop",2,NA,2015,3.9,4,51,64
"i3-6300T","Desktop",2,NA,2015,3.3,4,35,64
"i3-6100E","Embedded",2,225,2015,2.7,3,35,64
"i3-6300","Desktop",2,NA,2015,3.8,4,51,64
"M5-6Y54","Mobile",2,281,2015,2.7,4,4.5,16
"M5-6Y57","Mobile",2,281,2015,2.8,4,4.5,16
"M7-6Y75","Mobile",2,393,2015,3.1,4,4.5,16
"i7-5550U","Mobile",2,426,2015,3,4,15,16
"i7-5557U","Mobile",2,426,2015,3.4,4,28,16
